Country,Pathway,URL
Afghanistan,Student Visa,https://www.mofa.gov.af/
Afghanistan,Work Visa,https://www.mofa.gov.af/
Albania,Digital Nomad Visa,https://e-albania.al/
Albania,Entrepreneur/Startup Visa,https://e-albania.al/
Albania,Family Reunification Visa,https://e-albania.al/
Albania,Freelance/Self-Employed Visa,https://e-albania.al/
Albania,Permanent residence,https://e-albania.al/
Albania,Permanent Residency,https://e-albania.al/
Albania,Residence permit for employment,https://e-albania.al/
Albania,Skilled Migration PR,https://e-albania.al/
Albania,Skilled Worker Visa,https://e-albania.al/
Albania,Student residence permit,https://e-albania.al/
Albania,Student Visa,https://e-albania.al/
Albania,Unique permit,https://e-albania.al/
Albania,Work Visa,https://e-albania.al/
Algeria,Residence permit,https://www.interieur.gov.dz/
Algeria,Student visa,https://www.mesrs.dz/
Algeria,Work permit,https://www.interieur.gov.dz/
Algeria,Work Visa,https://www.interieur.gov.dz/
Andorra,Family Reunification Visa,https://www.govern.ad/
Andorra,Student Visa,https://www.govern.ad/
Andorra,Work Visa,https://www.govern.ad/
Angola,Student Visa,https://www.mofa.gov.ao/
Angola,Work Visa,https://www.mofa.gov.ao/
Antigua and Barbuda,Citizenship by Investment,https://cip.gov.ag/
Antigua and Barbuda,Investor/Golden Visa,https://cip.gov.ag/
Antigua and Barbuda,Student Visa,https://cip.gov.ag/
Antigua and Barbuda,Work Visa,https://cip.gov.ag/
Argentina,Digital Nomad Transient Visa,https://www.migraciones.gov.ar/transitorios_nomadas_digitales/
Argentina,Digital Nomad Visa,https://www.argentina.gob.ar/migraciones/residencias
Argentina,Digital Nomad visa/residence,https://www.argentina.gob.ar/interior/migraciones
Argentina,Family Reunification Visa,https://www.argentina.gob.ar/migraciones/residencias
Argentina,Freelance/Self-Employed Visa,https://www.argentina.gob.ar/migraciones/residencias
Argentina,Permanent residence,https://www.argentina.gob.ar/interior/migraciones
Argentina,Retirement Visa,https://www.argentina.gob.ar/migraciones/residencias
Argentina,Student Visa,https://www.argentina.gob.ar/migraciones/residencias
Argentina,Temporary residence for students,https://www.argentina.gob.ar/interior/migraciones
Argentina,Temporary residence for work,https://www.argentina.gob.ar/interior/migraciones
Argentina,Work Residence Permit,https://www.migraciones.gov.ar/radicaciones/
Argentina,Work Visa,https://www.argentina.gob.ar/migraciones/residencias
Armenia,Digital Nomad Visa,https://migration.e-gov.am/en/
Armenia,Family Reunification Visa,https://migration.e-gov.am/en/
Armenia,Freelance/Self-Employed Visa,https://migration.e-gov.am/en/
Armenia,Permanent residence,https://migration.e-gov.am/en/
Armenia,Student Visa,https://migration.e-gov.am/en/
Armenia,Study residence,https://migration.e-gov.am/en/
Armenia,Work Visa,https://migration.e-gov.am/en/
Armenia,Work-based residence,https://migration.e-gov.am/en/
Australia,Employer Nomination Scheme subclass 186,https://immi.homeaffairs.gov.au/visas/getting-a-visa/visa-listing/employer-nomination-scheme-186
Australia,Entrepreneur/Startup Visa,https://immi.homeaffairs.gov.au/
Australia,Family Reunification Visa,https://immi.homeaffairs.gov.au/
Australia,Investor/Golden Visa,https://immi.homeaffairs.gov.au/
Australia,Permanent Residence Skilled Regional subclass 191,https://immi.homeaffairs.gov.au/visas/getting-a-visa/visa-listing/permanent-residence-skilled-regional-191
Australia,Permanent Residency,https://immi.homeaffairs.gov.au/
Australia,Skilled Independent Permanent Visa (Subclass 189),https://immi.homeaffairs.gov.au/visas/getting-a-visa/visa-listing/skilled-independent-189
Australia,Skilled Independent visa subclass 189,https://immi.homeaffairs.gov.au/visas/getting-a-visa/visa-listing/skilled-independent-189
Australia,Skilled Migration PR,https://immi.homeaffairs.gov.au/
Australia,Skilled Nominated visa subclass 190,https://immi.homeaffairs.gov.au/visas/getting-a-visa/visa-listing/skilled-nominated-190
Australia,Skilled Work Regional visa subclass 491,https://immi.homeaffairs.gov.au/visas/getting-a-visa/visa-listing/skilled-work-regional-provisional-491
Australia,Skilled Worker Visa,https://immi.homeaffairs.gov.au/
Australia,Skills in Demand visa subclass 482,https://immi.homeaffairs.gov.au/visas/getting-a-visa/visa-listing/skills-in-demand-visa-subclass-482
Australia,Student Visa,https://immi.homeaffairs.gov.au/
Australia,Student Visa (Subclass 500),https://immi.homeaffairs.gov.au/visas/getting-a-visa/visa-listing/student-500
Australia,Student visa subclass 500,https://immi.homeaffairs.gov.au/visas/getting-a-visa/visa-listing/student-500
Australia,Temporary Skill Shortage Visa (Subclass 482),https://immi.homeaffairs.gov.au/visas/getting-a-visa/visa-listing/temporary-skill-shortage-482
Australia,Work Visa,https://immi.homeaffairs.gov.au/
Australia,Working Holiday Visa,https://immi.homeaffairs.gov.au/
Austria,Entrepreneur/Startup Visa,https://www.migration.gv.at/en/
Austria,EU Blue Card,https://www.migration.gv.at/en/types-of-immigration/permanent-immigration/eu-blue-card/
Austria,Family Reunification Visa,https://www.migration.gv.at/en/
Austria,Job Seeker Visa,https://www.migration.gv.at/en/
Austria,Long-term resident EU,https://www.migration.gv.at/en/types-of-immigration/permanent-immigration/long-term-resident-eu/
Austria,Permanent Residency,https://www.migration.gv.at/en/
Austria,Red-White-Red Card,https://www.migration.gv.at/en/types-of-immigration/permanent-immigration/red-white-red-card/
Austria,Skilled Migration PR,https://www.migration.gv.at/en/
Austria,Skilled Worker Visa,https://www.migration.gv.at/en/
Austria,Student residence permit,https://www.migration.gv.at/en/types-of-immigration/temporary-residence/student/
Austria,Student Visa,https://www.migration.gv.at/en/
Austria,Work Visa,https://www.migration.gv.at/en/
Austria,Working Holiday Visa,https://www.migration.gv.at/en/
Azerbaijan,Family Reunification Visa,https://www.migration.gov.az/en
Azerbaijan,Permanent residence,https://migration.gov.az/en/page/permanent-residence-permit
Azerbaijan,Skilled Worker Visa,https://www.migration.gov.az/en
Azerbaijan,Student Visa,https://www.migration.gov.az/en
Azerbaijan,Temporary residence for study,https://migration.gov.az/en/page/temporary-residence-permit
Azerbaijan,Temporary residence for work,https://migration.gov.az/en/page/temporary-residence-permit
Azerbaijan,Work Visa,https://www.migration.gov.az/en
Bahamas,Citizenship by Investment,https://www.immigration.gov.bs/
Bahamas,Investor/Golden Visa,https://www.immigration.gov.bs/
Bahamas,Permanent residence,https://www.immigration.gov.bs/
Bahamas,Student permit,https://www.immigration.gov.bs/
Bahamas,Student Visa,https://www.immigration.gov.bs/
Bahamas,Work permit,https://www.immigration.gov.bs/
Bahamas,Work Visa,https://www.immigration.gov.bs/
Bahrain,Employment visa/work permit,https://www.lmra.gov.bh/
Bahrain,Golden Residency,https://goldenresidency.gov.bh/
Bahrain,Golden Residency Visa,https://www.bahrain.bh/new/en/service/golden-residency-visa
Bahrain,Student Entry & Residence,https://www.evisa.gov.bh/
Bahrain,Student residence permit,https://www.bahrain.bh/wps/portal/en/BNP/BahrainResidents
Bahrain,Student Visa,https://www.npra.gov.bh/en
Bahrain,Work Visa,https://www.npra.gov.bh/en
Bahrain,Work Visa & Permit (LMRA),https://lmra.gov.bh/en/page/show/197
Bangladesh,Employment Visa,https://www.visa.gov.bd/
Bangladesh,Residence / extension,https://www.visa.gov.bd/
Bangladesh,Student Visa,https://www.visa.gov.bd/
Bangladesh,Work Visa,https://www.dgip.gov.bd/
Barbados,Citizenship by Investment,https://immigration.gov.bb/
Barbados,Investor/Golden Visa,https://immigration.gov.bb/
Barbados,Permanent residence,https://immigration.gov.bb/
Barbados,Special Entry and Residency Permit,https://immigration.gov.bb/
Barbados,Student visa,https://immigration.gov.bb/
Barbados,Work permit,https://immigration.gov.bb/
Barbados,Work Visa,https://immigration.gov.bb/
Belarus,Family Reunification Visa,https://mvd.gov.by/en/
Belarus,Student Visa,https://mvd.gov.by/en/
Belarus,Work Visa,https://mvd.gov.by/en/
Belgium,Entrepreneur/Startup Visa,https://dofi.ibz.be/en/
Belgium,EU Blue Card,https://dofi.ibz.be/en/themes/third-country-nationals/work/eu-blue-card
Belgium,Family Reunification Visa,https://dofi.ibz.be/en/
Belgium,Job Seeker Visa,https://dofi.ibz.be/en/
Belgium,Long-term resident status,https://dofi.ibz.be/en/themes/third-country-nationals/long-term-resident
Belgium,Permanent Residency,https://dofi.ibz.be/en/
Belgium,Settlement and Long-Term Residence,https://dofi.ibz.be/en/themes/third-country-nationals/long-term-resident
Belgium,Single Permit,https://dofi.ibz.be/en/themes/third-country-nationals/work/single-permit
Belgium,Single Permit (Work and Residence),https://dofi.ibz.be/en/themes/third-country-nationals/work/single-permit
Belgium,Skilled Migration PR,https://dofi.ibz.be/en/
Belgium,Skilled Worker Visa,https://dofi.ibz.be/en/
Belgium,Student residence,https://dofi.ibz.be/en/themes/third-country-nationals/study
Belgium,Student Visa,https://dofi.ibz.be/en/
Belgium,Study Permit,https://dofi.ibz.be/en/themes/third-country-nationals/studies
Belgium,Work Visa,https://dofi.ibz.be/en/
Belgium,Working Holiday Visa,https://dofi.ibz.be/en/
Belize,Student Visa,https://www.immigration.gov.bz/
Belize,Work Visa,https://www.immigration.gov.bz/
Benin,Student Visa,https://www.mofa.gov.bj/
Benin,Work Visa,https://www.mofa.gov.bj/
Bhutan,Immigration residence permit,https://www.doi.gov.bt/
Bhutan,Student Visa,https://www.doi.gov.bt/
Bhutan,Work Permit,https://www.doi.gov.bt/
Bhutan,Work Visa,https://www.mofa.gov.bt/
Bolivia,Permanent residence,https://www.migracion.gob.bo/
Bolivia,Student Visa,https://www.migracion.gob.bo/
Bolivia,Temporary residence for study,https://www.migracion.gob.bo/
Bolivia,Temporary residence for work,https://www.migracion.gob.bo/
Bolivia,Work Visa,https://www.migracion.gob.bo/
Bosnia and Herzegovina,Entrepreneur/Startup Visa,https://www.msb.gov.ba/
Bosnia and Herzegovina,Family Reunification Visa,https://www.msb.gov.ba/
Bosnia and Herzegovina,Permanent Residency,https://www.msb.gov.ba/
Bosnia and Herzegovina,Skilled Worker Visa,https://www.msb.gov.ba/
Bosnia and Herzegovina,Student Visa,https://www.msb.gov.ba/
Bosnia and Herzegovina,Work Visa,https://www.msb.gov.ba/
Botswana,Permanent residence,https://www.gov.bw/immigration-and-citizenship
Botswana,Student Visa,https://www.gov.bw/
Botswana,Study permit,https://www.gov.bw/immigration-and-citizenship
Botswana,Work permit,https://www.gov.bw/immigration-and-citizenship
Botswana,Work Visa,https://www.gov.bw/
Brazil,Digital Nomad Residence Permit,https://www.gov.br/mre/en/consular-services/visas/digital-nomad-visa-vitem-xiv
Brazil,Digital Nomad Residence Permit (VITEM XIV),https://www.gov.br/mre/en/consular-services/visas/digital-nomad-visa-vitem-xiv
Brazil,Digital Nomad Visa,https://portaldeimigracao.mj.gov.br/pt/
Brazil,Family Reunification Visa,https://portaldeimigracao.mj.gov.br/pt/
Brazil,Freelance/Self-Employed Visa,https://portaldeimigracao.mj.gov.br/pt/
Brazil,Investor Residence Permit (Normative Resolution 11/2017),https://www.gov.br/mre/en/consular-services/visas/investor-visa-vitem-ix
Brazil,Permanent Residence,https://www.gov.br/pf/pt-br/assuntos/imigracao/autorizacao-de-residencia
Brazil,Permanent residence authorization,https://www.gov.br/pt-br/servicos/obter-autorizacao-de-residencia-e-carteira-de-registro-migratorio
Brazil,Researcher / Academic Visa (VITEM I),https://www.gov.br/mre/en/consular-services/visas/researcher-visa-vitem-i
Brazil,Residence authorization for academic research,https://www.gov.br/mj/pt-br/assuntos/seus-direitos/migracoes/portal-de-imigracao-laboral/navegacao-guiada-1/possui-autorizacao-de-residencia/o-que-deseja/qual-a-finalidade-desejada-1/pesquisa-ensino-ou-extensao-academica
Brazil,Residence authorization for employment,https://www.gov.br/mj/pt-br/assuntos/seus-direitos/migracoes/portal-de-imigracao-laboral/navegacao-guiada-1/possui-autorizacao-de-residencia/o-que-deseja/qual-a-finalidade-desejada-1/trabalho-com-contrato-de-trabalho-no-brasil
Brazil,Retirement Visa,https://portaldeimigracao.mj.gov.br/pt/
Brazil,Student Visa,https://portaldeimigracao.mj.gov.br/pt/
Brazil,Student Visa (VITEM IV),https://www.gov.br/mre/en/consular-services/visas/study-visa-vitem-iv
Brazil,Study residence authorization,https://www.gov.br/mj/pt-br/assuntos/seus-direitos/migracoes/autorizacao-de-residencia
Brazil,Work Visa,https://portaldeimigracao.mj.gov.br/pt/
Brazil,Work Visa (VITEM V),https://www.gov.br/mre/en/consular-services/visas/work-visa-vitem-v
Brazil,Work Visa / Labor Contract (VITEM V),https://www.gov.br/mre/en/consular-services/visas/work-visa-vitem-v
Brunei,Student Visa,https://www.moha.gov.bn/
Brunei,Work Visa,https://www.moha.gov.bn/
Bulgaria,Entrepreneur/Startup Visa,https://www.mvr.bg/migration/en
Bulgaria,EU Blue Card,https://www.mvr.bg/en/administrative-services/foreigners
Bulgaria,Family Reunification Visa,https://www.mvr.bg/migration/en
Bulgaria,Job Seeker Visa,https://www.mvr.bg/migration/en
Bulgaria,Permanent residence,https://www.mvr.bg/en/administrative-services/foreigners
Bulgaria,Permanent Residency,https://www.mvr.bg/migration/en
Bulgaria,Single work permit,https://www.mvr.bg/en/administrative-services/foreigners
Bulgaria,Skilled Migration PR,https://www.mvr.bg/migration/en
Bulgaria,Skilled Worker Visa,https://www.mvr.bg/migration/en
Bulgaria,Student residence permit,https://www.mvr.bg/en/administrative-services/foreigners
Bulgaria,Student Visa,https://www.mvr.bg/migration/en
Bulgaria,Type D Visa for Studies,https://www.mfa.bg/en/services-travel/consular-services/visa-for-bulgaria
Bulgaria,Work and Residence Single Permit,https://www.mfa.bg/en/services-travel/consular-services/visa-for-bulgaria
Bulgaria,Work Visa,https://www.mvr.bg/migration/en
Bulgaria,Working Holiday Visa,https://www.mvr.bg/migration/en
Burkina Faso,Student Visa,https://www.mofa.gov.bf/
Burkina Faso,Work Visa,https://www.mofa.gov.bf/
Burundi,Student Visa,https://www.mofa.gov.bi/
Burundi,Work Visa,https://www.mofa.gov.bi/
Cambodia,EB Business/Employment Extension,https://www.evisa.gov.kh/
Cambodia,ER Retirement Extension,https://www.evisa.gov.kh/
Cambodia,ES Student Extension,https://www.evisa.gov.kh/
Cambodia,Family Reunification Visa,https://www.immigration.gov.kh/
Cambodia,Retirement Visa,https://www.immigration.gov.kh/
Cambodia,Student Visa,https://www.immigration.gov.kh/
Cambodia,Work Visa,https://www.immigration.gov.kh/
Cameroon,Student Visa,https://www.sndev.cm/
Cameroon,Work Visa,https://www.sndev.cm/
Canada,Atlantic Immigration Program,https://www.canada.ca/en/immigration-refugees-citizenship/services/immigrate-canada/atlantic-immigration.html
Canada,Employer-specific Work Permit,https://www.canada.ca/en/immigration-refugees-citizenship/services/work-canada/permit.html
Canada,Entrepreneur/Startup Visa,https://www.canada.ca/en/services/immigration-citizenship.html
Canada,Express Entry,https://www.canada.ca/en/immigration-refugees-citizenship/services/immigrate-canada/express-entry.html
Canada,Family Reunification Visa,https://www.canada.ca/en/services/immigration-citizenship.html
Canada,Federal Skilled Worker (Express Entry),https://www.canada.ca/en/immigration-refugees-citizenship/services/immigrate-canada/express-entry.html
Canada,Investor/Golden Visa,https://www.canada.ca/en/services/immigration-citizenship.html
Canada,Open Work Permit,https://www.canada.ca/en/immigration-refugees-citizenship/services/work-canada/permit.html
Canada,Permanent Residence Pathways,https://www.canada.ca/en/immigration-refugees-citizenship/services/immigrate-canada.html
Canada,Permanent Residency,https://www.canada.ca/en/services/immigration-citizenship.html
Canada,Provincial Nominee Program,https://www.canada.ca/en/immigration-refugees-citizenship/services/immigrate-canada/provincial-nominees.html
Canada,Skilled Migration PR,https://www.canada.ca/en/services/immigration-citizenship.html
Canada,Skilled Worker Visa,https://www.canada.ca/en/services/immigration-citizenship.html
Canada,Student Visa,https://www.canada.ca/en/services/immigration-citizenship.html
Canada,Study Permit,https://www.canada.ca/en/immigration-refugees-citizenship/services/study-canada/study-permit/eligibility.html
Canada,Work Visa,https://www.canada.ca/en/services/immigration-citizenship.html
Canada,Working Holiday Visa,https://www.canada.ca/en/services/immigration-citizenship.html
Cape Verde,Student Visa,https://www.mofa.gov.cv/
Cape Verde,Work Visa,https://www.mofa.gov.cv/
Cayman Islands,Digital Nomad Visa,https://www.worc.ky/
Cayman Islands,Student Visa,https://www.worc.ky/
Cayman Islands,Work Visa,https://www.worc.ky/
Central African Republic,Student Visa,https://www.mofa.gov.cf/
Central African Republic,Work Visa,https://www.mofa.gov.cf/
Chad,Student Visa,https://www.mofa.gov.td/
Chad,Work Visa,https://www.mofa.gov.td/
Chile,Digital Nomad Temporary Residency,https://serviciomigraciones.cl/residencia-temporal/subcategorias/trabajo-remoto/
Chile,Digital Nomad Visa,https://serviciomigraciones.cl/en/home/
Chile,Family Reunification Visa,https://serviciomigraciones.cl/en/home/
Chile,Permanencia Definitiva,https://serviciomigraciones.cl/permanencia-definitiva/
Chile,Permanent Residency (Residencia Definitiva),https://serviciomigraciones.cl/residencia-definitiva/
Chile,Retirement Visa,https://serviciomigraciones.cl/en/home/
Chile,Student Visa,https://serviciomigraciones.cl/en/home/
Chile,Temporary Residence for remote workers,https://serviciomigraciones.cl/residencia-temporal/
Chile,Temporary Residence for remunerated activities,https://serviciomigraciones.cl/residencia-temporal/
Chile,Temporary Residence for studies,https://serviciomigraciones.cl/residencia-temporal/
Chile,Temporary Residency for Work Contract,https://serviciomigraciones.cl/residencia-temporal/subcategorias/actividades-licitas-remuneradas/
Chile,Work Visa,https://serviciomigraciones.cl/en/home/
Chile,Working Holiday Visa,https://serviciomigraciones.cl/en/home/
China,Family Reunification Visa,https://en.nia.gov.cn/
China,Foreign Permanent Residence,https://en.nia.gov.cn/
China,Permanent Residency,https://en.nia.gov.cn/
China,R Talent Visa,https://en.nia.gov.cn/
China,Skilled Worker Visa,https://en.nia.gov.cn/
China,Student Visa,https://en.nia.gov.cn/
China,Work Visa,https://en.nia.gov.cn/
China,X Student Visa,https://www.gov.cn/english/
China,Z Work Visa,https://www.gov.cn/english/
Colombia,Digital Nomad Visa,https://www.cancilleria.gov.co/
Colombia,Digital Nomad Visa (V Nómadas Digitales),https://www.cancilleria.gov.co/v-nomadas-digitales
Colombia,Digital Nomad Visa V,https://www.cancilleria.gov.co/visas
Colombia,Family Reunification Visa,https://www.cancilleria.gov.co/
Colombia,Freelance/Self-Employed Visa,https://www.cancilleria.gov.co/
Colombia,Migrant Visa M Student,https://www.cancilleria.gov.co/v/visa
Colombia,Migrant Visa M Worker,https://www.cancilleria.gov.co/v/visa
Colombia,Migrant Work Visa (M Trabajador),https://www.cancilleria.gov.co/tramites_servicios/visa/m-trabajador
Colombia,Resident Visa (R),https://www.cancilleria.gov.co/tramites_servicios/visa/r-residente
Colombia,Resident Visa R,https://www.cancilleria.gov.co/v/visa
Colombia,Retirement Visa,https://www.cancilleria.gov.co/
Colombia,Student Visa,https://www.cancilleria.gov.co/
Colombia,Work Visa,https://www.cancilleria.gov.co/
Comoros,Student Visa,https://www.mofa.gov.km/
Comoros,Work Visa,https://www.mofa.gov.km/
Cook Islands,Student Visa,https://www.mofa.gov.ck/
Cook Islands,Work Visa,https://www.mofa.gov.ck/
Costa Rica,Digital Nomad stay,https://www.migracion.go.cr/
Costa Rica,Digital Nomad Visa,https://migracion.go.cr/
Costa Rica,Digital Nomad Visa (Estancia para Trabajadores Remotos),https://www.migracion.go.cr/Paginas/N%C3%B3madas-Digitales.aspx
Costa Rica,Digital Nomad Visa (Remote Workers & Service Providers),https://www.migracion.go.cr/Paginas/N%C3%B3madas-Digitales.aspx
Costa Rica,Family Reunification Visa,https://migracion.go.cr/
Costa Rica,Inversionista (Investor Temporary Residence),https://www.migracion.go.cr/Paginas/Categor%C3%ADas-Migratorias/Residencia-Temporal.aspx
Costa Rica,Pensionado (Retiree Residence),https://www.migracion.go.cr/Paginas/Categor%C3%ADas-Migratorias/Residencia-Temporal.aspx
Costa Rica,Permanent residence,https://www.migracion.go.cr/
Costa Rica,Permanent Residency,https://www.migracion.go.cr/Paginas/Categor%C3%ADas-Migratorias/Residencia-Permanente.aspx
Costa Rica,Retirement Visa,https://migracion.go.cr/
Costa Rica,Special Category for Students,https://www.migracion.go.cr/Paginas/Categor%C3%ADas-Migratorias/Categor%C3%ADas-Especiales.aspx
Costa Rica,Student Visa,https://migracion.go.cr/
Costa Rica,Temporary Residence as Rentista,https://www.migracion.go.cr/Paginas/Categor%C3%ADas-Migratorias/Residencia-Temporal.aspx
Costa Rica,Temporary residence for employment,https://www.migracion.go.cr/
Costa Rica,Temporary residence for students,https://www.migracion.go.cr/
Costa Rica,Temporary Work Residence,https://www.migracion.go.cr/Paginas/Categor%C3%ADas-Migratorias/Residencia-Temporal.aspx
Costa Rica,Work Visa,https://migracion.go.cr/
Croatia,Digital Nomad Residence Permit,https://mup.gov.hr/aliens-281621/stay-and-work/temporary-stay-of-digital-nomads/286833
Croatia,Digital Nomad Visa,https://mup.gov.hr/aliens/
Croatia,Entrepreneur/Startup Visa,https://mup.gov.hr/aliens/
Croatia,EU Blue Card,https://mup.gov.hr/aliens-281621/stay-and-work/281622
Croatia,Family Reunification Visa,https://mup.gov.hr/aliens/
Croatia,Freelance/Self-Employed Visa,https://mup.gov.hr/aliens/
Croatia,Job Seeker Visa,https://mup.gov.hr/aliens/
Croatia,Permanent Residency,https://mup.gov.hr/aliens/
Croatia,Permanent stay,https://mup.gov.hr/aliens-281621/stay-and-work/281622
Croatia,Residence for study,https://mup.gov.hr/aliens-281621/stay-and-work/281622
Croatia,Skilled Migration PR,https://mup.gov.hr/aliens/
Croatia,Skilled Worker Visa,https://mup.gov.hr/aliens/
Croatia,Stay and work permit,https://mup.gov.hr/aliens-281621/stay-and-work/281622
Croatia,Student Visa,https://mup.gov.hr/aliens/
Croatia,Work Visa,https://mup.gov.hr/aliens/
Croatia,Working Holiday Visa,https://mup.gov.hr/aliens/
Cuba,Student Visa,https://www.minrex.gob.cu/
Cuba,Work Visa,https://www.minrex.gob.cu/
Cyprus,Digital Nomad Visa,https://www.moi.gov.cy/moi/crmd/crmd.nsf/All/725B3CD4CDD0B7F4C22587E700346067
Cyprus,Employment permit,https://www.gov.cy/moi/en/
Cyprus,Entrepreneur/Startup Visa,https://www.gov.cy/mip-md/en/
Cyprus,EU Blue Card,https://www.gov.cy/moi/en/
Cyprus,Family Reunification Visa,https://www.gov.cy/mip-md/en/
Cyprus,Foreign University Student Visa,https://www.moi.gov.cy/moi/crmd/crmd.nsf/All/D6348EE19E4C563DC22585CE0033B44B
Cyprus,Freelance/Self-Employed Visa,https://www.gov.cy/mip-md/en/
Cyprus,Immigration Permit for Investors (PR),https://www.moi.gov.cy/moi/crmd/crmd.nsf/All/6C3E4C84E9D09287C22585CC0027732E
Cyprus,Investor/Golden Visa,https://www.gov.cy/mip-md/en/
Cyprus,Long-term resident status,https://www.gov.cy/moi/en/
Cyprus,Permanent Residency,https://www.gov.cy/mip-md/en/
Cyprus,Retirement Visa,https://www.gov.cy/mip-md/en/
Cyprus,Skilled Worker Visa,https://www.gov.cy/mip-md/en/
Cyprus,Student permit,https://www.gov.cy/moi/en/
Cyprus,Student Visa,https://www.gov.cy/mip-md/en/
Cyprus,Work Visa,https://www.gov.cy/mip-md/en/
Czech Republic,Digital Nomad Program,https://www.mpo.gov.cz/en/foreign-trade/economic-migration/digital-nomad-program--275727/
Czech Republic,Employee Card,https://frs.gov.cz/en/visa-and-residence-permits/third-country-nationals/long-term-residence-permits/employee-card/
Czech Republic,Employee Card (Skilled Worker),https://ipc.gov.cz/en/residence-permit-types/employee-card/
Czech Republic,Entrepreneur/Startup Visa,https://ipc.gov.cz/en/
Czech Republic,EU Blue Card,https://frs.gov.cz/en/visa-and-residence-permits/third-country-nationals/long-term-residence-permits/eu-blue-card/
Czech Republic,EU Blue Card (Highly Qualified),https://ipc.gov.cz/en/residence-permit-types/blue-card/
Czech Republic,Family Reunification Visa,https://ipc.gov.cz/en/
Czech Republic,Freelance/Self-Employed Visa,https://ipc.gov.cz/en/
Czech Republic,Intra-Company Employee Transfer Card,https://ipc.gov.cz/en/residence-permit-types/intra-company-employee-transfer-card/
Czech Republic,Job Seeker / Post-Study Residence,https://ipc.gov.cz/en/residence-permit-types/long-term-residence-permit-for-the-purpose-of-seeking-employment-or-starting-a-business/
Czech Republic,Job Seeker Visa,https://ipc.gov.cz/en/
Czech Republic,Long-term residence for studies,https://frs.gov.cz/en/visa-and-residence-permits/third-country-nationals/long-term-residence-permits/studies/
Czech Republic,Long-Term Visa for Business (Zivno Freelancer),https://ipc.gov.cz/en/residence-permit-types/long-term-visa-for-purpose-of-business/
Czech Republic,Long-Term Visa for Study,https://ipc.gov.cz/en/residence-permit-types/long-term-visa-for-study/
Czech Republic,Permanent residence,https://frs.gov.cz/en/visa-and-residence-permits/third-country-nationals/permanent-residence/
Czech Republic,Permanent Residency,https://ipc.gov.cz/en/
Czech Republic,Skilled Migration PR,https://ipc.gov.cz/en/
Czech Republic,Skilled Worker Visa,https://ipc.gov.cz/en/
Czech Republic,Student Long-Term Visa,https://ipc.gov.cz/en/residence-permit-types/long-term-visa-for-study/
Czech Republic,Student Visa,https://ipc.gov.cz/en/
Czech Republic,Work Visa,https://ipc.gov.cz/en/
Czech Republic,Working Holiday Visa,https://ipc.gov.cz/en/
Democratic Republic of Congo,Student Visa,https://www.migration.gouv.cd/
Democratic Republic of Congo,Work Visa,https://www.migration.gouv.cd/
Denmark,Entrepreneur/Startup Visa,https://www.nyidanmark.dk/en-GB
Denmark,Family Reunification Visa,https://www.nyidanmark.dk/en-GB
Denmark,Higher Education Student Visa,https://www.nyidanmark.dk/en-GB/Applying/Study/Higher%20education
Denmark,Job Seeker Visa,https://www.nyidanmark.dk/en-GB
Denmark,Pay Limit Scheme,https://www.nyidanmark.dk/en-GB/Applying/Work/Pay%20limit%20scheme
Denmark,Permanent residence,https://nyidanmark.dk/en-GB/Applying/Permanent-residence
Denmark,Permanent Residency,https://www.nyidanmark.dk/en-GB
Denmark,Positive List work scheme,https://nyidanmark.dk/en-GB/Applying/Work/Positive-Lists
Denmark,Skilled Migration PR,https://www.nyidanmark.dk/en-GB
Denmark,Skilled Worker Visa,https://www.nyidanmark.dk/en-GB
Denmark,Student Visa,https://www.nyidanmark.dk/en-GB
Denmark,Study permit,https://nyidanmark.dk/en-GB/Applying/Study
Denmark,Work permit,https://nyidanmark.dk/en-GB/Applying/Work
Denmark,Work Visa,https://www.nyidanmark.dk/en-GB
Denmark,Working Holiday Visa,https://www.nyidanmark.dk/en-GB
Djibouti,Student Visa,https://www.mofa.gov.dj/
Djibouti,Work Visa,https://www.mofa.gov.dj/
Dominica,Citizenship by Investment,https://cbiu.gov.dm/
Dominica,Investor/Golden Visa,https://cbiu.gov.dm/
Dominica,Student Visa,https://cbiu.gov.dm/
Dominica,Work Visa,https://cbiu.gov.dm/
Dominican Republic,Permanent residence,https://migracion.gob.do/
Dominican Republic,Student residence,https://migracion.gob.do/
Dominican Republic,Student Visa,https://migracion.gob.do/
Dominican Republic,Temporary residence,https://migracion.gob.do/
Dominican Republic,Work residence,https://migracion.gob.do/
Dominican Republic,Work Visa,https://migracion.gob.do/
Ecuador,Digital Nomad Visa,https://www.gob.ec/mremh
Ecuador,Family Reunification Visa,https://www.cancilleria.gob.ec/
Ecuador,Freelance/Self-Employed Visa,https://www.cancilleria.gob.ec/
Ecuador,Permanent residence,https://www.gob.ec/mremh
Ecuador,Retirement Visa,https://www.cancilleria.gob.ec/
Ecuador,Student visa,https://www.gob.ec/mremh
Ecuador,Work visa,https://www.gob.ec/mremh
Egypt,Investor/Golden Visa,https://eres.moi.gov.eg/
Egypt,Residence permit,https://www.moi.gov.eg/
Egypt,Student residence,https://www.moi.gov.eg/
Egypt,Student Visa,https://eres.moi.gov.eg/
Egypt,Work permit,https://www.manpower.gov.eg/
Egypt,Work Visa,https://eres.moi.gov.eg/
El Salvador,Student Visa,https://www.migracion.gob.sv/
El Salvador,Work Visa,https://www.migracion.gob.sv/
Equatorial Guinea,Student Visa,https://www.mofa.gov.gq/
Equatorial Guinea,Work Visa,https://www.mofa.gov.gq/
Eritrea,Student Visa,https://www.mofa.gov.er/
Eritrea,Work Visa,https://www.mofa.gov.er/
Estonia,Digital Nomad Visa,https://www.politsei.ee/en/instructions/digital-nomad-visa
Estonia,Entrepreneur/Startup Visa,https://www.politsei.ee/en/
Estonia,EU Blue Card,https://www.kriis.ee/en/foreigners-in-estonia/working-estonia
Estonia,Family Reunification Visa,https://www.politsei.ee/en/
Estonia,Freelance/Self-Employed Visa,https://www.politsei.ee/en/
Estonia,Job Seeker Visa,https://www.politsei.ee/en/
Estonia,Long-term resident permit,https://www.kriis.ee/en/foreigners-in-estonia/permanent-residence
Estonia,Permanent Residency,https://www.politsei.ee/en/
Estonia,Residence Permit for Employment,https://www.politsei.ee/en/instructions/residence-permit-for-employment
Estonia,Residence Permit for Study,https://www.politsei.ee/en/instructions/residence-permit-for-study
Estonia,Skilled Migration PR,https://www.politsei.ee/en/
Estonia,Skilled Worker Visa,https://www.politsei.ee/en/
Estonia,Student Visa,https://www.politsei.ee/en/
Estonia,Temporary residence permit for employment,https://www.kriis.ee/en/foreigners-in-estonia/working-estonia
Estonia,Temporary residence permit for study,https://www.kriis.ee/en/foreigners-in-estonia/studying-estonia
Estonia,Work Visa,https://www.politsei.ee/en/
Estonia,Working Holiday Visa,https://www.politsei.ee/en/
Eswatini,Student Visa,https://www.mofa.gov.sz/
Eswatini,Work Visa,https://www.mofa.gov.sz/
Ethiopia,Student Visa,https://www.mofa.gov.et/
Ethiopia,Work Visa,https://www.mofa.gov.et/
Fiji,Retirement Visa,https://www.immigration.gov.fj/
Fiji,Student Visa,https://www.immigration.gov.fj/
Fiji,Work Visa,https://www.immigration.gov.fj/
Finland,Entrepreneur/Startup Visa,https://migri.fi/en/
Finland,EU Blue Card,https://migri.fi/en/eu-blue-card
Finland,Family Reunification Visa,https://migri.fi/en/
Finland,Job Seeker Visa,https://migri.fi/en/
Finland,Permanent residence permit,https://migri.fi/en/permanent-residence-permit
Finland,Permanent Residency,https://migri.fi/en/
Finland,Researcher Residence Permit,https://migri.fi/en/researcher
Finland,Residence permit for studies,https://migri.fi/en/studying-in-finland
Finland,Self-Employed / Entrepreneur Permit,https://migri.fi/en/entrepreneur
Finland,Skilled Migration PR,https://migri.fi/en/
Finland,Skilled Worker Visa,https://migri.fi/en/
Finland,Specialist Fast-Track Residence Permit,https://migri.fi/en/specialist
Finland,Specialist residence permit,https://migri.fi/en/specialist
Finland,Specialist Work Residence Permit,https://migri.fi/en/specialist
Finland,Startup Entrepreneur Residence Permit,https://migri.fi/en/startup-entrepreneur
Finland,Student Visa,https://migri.fi/en/
Finland,Studies Residence Permit,https://migri.fi/en/studying-in-finland
Finland,Work Visa,https://migri.fi/en/
Finland,Working Holiday Residence Permit,https://migri.fi/en/working-holiday/en
Finland,Working Holiday Visa,https://migri.fi/en/
France,Employee long-stay visa,https://france-visas.gouv.fr/en/web/france-visas/long-stay-visa
France,Entrepreneur/Startup Visa,https://france-visas.gouv.fr/en
France,Family Reunification Visa,https://france-visas.gouv.fr/en
France,Job Seeker Visa,https://france-visas.gouv.fr/en
France,Long-Stay Student Visa,https://france-visas.gouv.fr/en/web/france-visas/student
France,Long-term resident card,https://www.service-public.fr/particuliers/vosdroits/F17359
France,Permanent Residency,https://france-visas.gouv.fr/en
France,Resident Card (Carte de résident 10 ans),https://www.service-public.fr/particuliers/vosdroits/F2208
France,Skilled Migration PR,https://france-visas.gouv.fr/en
France,Skilled Worker Visa,https://france-visas.gouv.fr/en
France,Student long-stay visa,https://france-visas.gouv.fr/en/web/france-visas/student
France,Student Visa,https://france-visas.gouv.fr/en
France,Talent Passport,https://www.service-public.fr/particuliers/vosdroits/F16922
France,Talent Passport (Passeport Talent),https://france-visas.gouv.fr/en/web/france-visas/talent-passport
France,Work Visa,https://france-visas.gouv.fr/en
France,Working Holiday Visa,https://france-visas.gouv.fr/en
French Guiana,Student Visa,https://www.gouv.nc/
French Guiana,Work Visa,https://www.gouv.nc/
Gabon,Student Visa,https://www.mofa.gov.ga/
Gabon,Work Visa,https://www.mofa.gov.ga/
Gambia,Student Visa,https://www.mofa.gov.gm/
Gambia,Work Visa,https://www.mofa.gov.gm/
Georgia,Digital Nomad Visa,https://sda.gov.ge/en/
Georgia,Entrepreneur/Startup Visa,https://sda.gov.ge/en/
Georgia,Family Reunification Visa,https://sda.gov.ge/en/
Georgia,Permanent residence permit,https://sda.gov.ge/?lang=en
Georgia,Student Visa,https://sda.gov.ge/en/
Georgia,Study residence permit,https://sda.gov.ge/?lang=en
Georgia,Work residence permit,https://sda.gov.ge/?lang=en
Georgia,Work Visa,https://sda.gov.ge/en/
Germany,Entrepreneur/Startup Visa,https://www.make-it-in-germany.com/en/
Germany,EU Blue Card,https://www.make-it-in-germany.com/en/visa-residence/types/eu-blue-card
Germany,Family Reunification Visa,https://www.make-it-in-germany.com/en/
Germany,Freelance/Self-Employed Visa,https://www.make-it-in-germany.com/en/
Germany,Job Seeker Visa,https://www.make-it-in-germany.com/en/
Germany,Opportunity Card,https://www.make-it-in-germany.com/en/visa-residence/types/opportunity-card
Germany,Permanent Residency,https://www.make-it-in-germany.com/en/
Germany,Settlement permit,https://www.make-it-in-germany.com/en/visa-residence/permanent-residence
Germany,Settlement Permit (Niederlassungserlaubnis),https://service.berlin.de/dienstleistung/113011/en/
Germany,Skilled Migration PR,https://www.make-it-in-germany.com/en/
Germany,Skilled Worker Visa,https://www.make-it-in-germany.com/en/
Germany,Student visa,https://www.make-it-in-germany.com/en/study-vocational-training/studies-in-germany
Germany,Study Visa,https://www.make-it-in-germany.com/en/visa-residence/types/studying
Germany,Work Visa,https://www.make-it-in-germany.com/en/
Germany,Work visa for qualified professionals,https://www.make-it-in-germany.com/en/visa-residence/types/work-qualified-professionals
Germany,Working Holiday Visa,https://www.make-it-in-germany.com/en/
Ghana,Indefinite residence,https://gis.gov.gh/
Ghana,Student permit,https://gis.gov.gh/
Ghana,Student Visa,https://gis.gov.gh/
Ghana,Work permit,https://gis.gov.gh/
Ghana,Work Visa,https://gis.gov.gh/
Greece,Digital Nomad Visa,https://www.mfa.gr/en/visas/visa-types/national-visas.html
Greece,Digital Nomad Visa (Law 4825/2021),https://www.mfa.gr/en/visas/visa-types/national-visas.html
Greece,Employment residence permit,https://migration.gov.gr/en/migration-policy/immigration-policy/
Greece,Entrepreneur/Startup Visa,https://migration.gov.gr/en/
Greece,EU Blue Card,https://migration.gov.gr/en/migration-policy/immigration-policy/
Greece,Family Reunification Visa,https://migration.gov.gr/en/
Greece,Financially Independent Persons (FIP) Visa,https://www.mfa.gr/en/visas/visa-types/national-visas.html
Greece,Freelance/Self-Employed Visa,https://migration.gov.gr/en/
Greece,Golden Visa (Permanent Residency for Investors),https://enterprisegreece.gov.gr/en/invest-in-greece/investors-residence-permit
Greece,Golden Visa Permanent Residency,https://enterprisegreece.gov.gr/en/invest-in-greece/investors-residence-permit
Greece,Intra-Corporate Transfer (ICT Permit),https://migration.gov.gr/en/gas/ypikooit-triton-choron/adeies-diamonis/
Greece,Investor/Golden Visa,https://migration.gov.gr/en/
Greece,Job Seeker Visa,https://migration.gov.gr/en/
Greece,National Visa for Studies (Type D),https://www.mfa.gr/en/visas/visa-types/national-visas.html
Greece,Permanent residence permit,https://migration.gov.gr/en/migration-policy/immigration-policy/
Greece,Permanent Residency,https://migration.gov.gr/en/
Greece,Residence Permit for Highly Qualified Employment (EU Blue Card),https://migration.gov.gr/en/gas/ypikooit-triton-choron/adeies-diamonis/ble-karta/
Greece,Retirement Visa,https://migration.gov.gr/en/
Greece,Seasonal Employment Visa (Type C / Type D),https://www.mfa.gr/en/visas/visa-types/national-visas.html
Greece,Skilled Migration PR,https://migration.gov.gr/en/
Greece,Skilled Worker Visa,https://migration.gov.gr/en/
Greece,Student residence permit,https://migration.gov.gr/en/migration-policy/immigration-policy/
Greece,Student Visa,https://migration.gov.gr/en/
Greece,Study Visa,https://www.mfa.gr/en/visas/visa-types/national-visas.html
Greece,Work Visa,https://migration.gov.gr/en/
Greece,Working Holiday Visa,https://migration.gov.gr/en/
Grenada,Citizenship by Investment,https://imagrenada.gd/
Grenada,Investor/Golden Visa,https://imagrenada.gd/
Grenada,Student Visa,https://imagrenada.gd/
Grenada,Work Visa,https://imagrenada.gd/
Guatemala,Student Visa,https://igm.gob.gt/
Guatemala,Work Visa,https://igm.gob.gt/
Guinea,Student Visa,https://www.mofa.gov.gn/
Guinea,Work Visa,https://www.mofa.gov.gn/
Guinea-Bissau,Student Visa,https://www.mofa.gov.gw/
Guinea-Bissau,Work Visa,https://www.mofa.gov.gw/
Guyana,Permanent residence,https://ministryofhomeaffairs.gov.gy/
Guyana,Student Visa,https://ministryofhomeaffairs.gov.gy/
Guyana,Work Permit,https://moha.gov.gy/
Guyana,Work Visa,https://www.mofa.gov.gy/
Haiti,Student Visa,https://www.dinep.gouv.ht/
Haiti,Work Visa,https://www.dinep.gouv.ht/
Honduras,Student Visa,https://www.inm.gob.hn/
Honduras,Work Visa,https://www.inm.gob.hn/
Hong Kong,Entrepreneur/Startup Visa,https://www.immd.gov.hk/eng/
Hong Kong,Family Reunification Visa,https://www.immd.gov.hk/eng/
Hong Kong,General Employment Policy,https://www.immd.gov.hk/eng/services/visas/working_hk.html
Hong Kong,Job Seeker Visa,https://www.immd.gov.hk/eng/
Hong Kong,Permanent Residence,https://www.immd.gov.hk/eng/services/visas/permanent_residence.html
Hong Kong,Permanent Residency,https://www.immd.gov.hk/eng/
Hong Kong,Quality Migrant Admission Scheme,https://www.immd.gov.hk/eng/services/visas/quality_migrant_admission_scheme.html
Hong Kong,Skilled Worker Visa,https://www.immd.gov.hk/eng/
Hong Kong,Student Visa,https://www.immd.gov.hk/eng/services/visas/study.html
Hong Kong,Work Visa,https://www.immd.gov.hk/eng/
Hong Kong,Working Holiday Visa,https://www.immd.gov.hk/eng/
Hong Kong SAR,Entry for Study,https://www.immd.gov.hk/eng/services/visas/study.html
Hong Kong SAR,Quality Migrant Admission Scheme (QMAS),https://www.immd.gov.hk/eng/services/visas/quality_migrant_admission_scheme.html
Hong Kong SAR,Top Talent Pass Scheme (TTPS),https://www.immd.gov.hk/eng/services/visas/TTPS.html
Hungary,Entrepreneur/Startup Visa,https://oif.gov.hu/
Hungary,Family Reunification Visa,https://oif.gov.hu/
Hungary,Freelance/Self-Employed Visa,https://oif.gov.hu/
Hungary,Job Seeker Visa,https://oif.gov.hu/
Hungary,National Permanent Residence Permit,http://www.bmbah.hu/index.php?option=com_k2&view=item&id=74:national-permanent-residence-permit&lang=en
Hungary,Permanent Residency,https://oif.gov.hu/
Hungary,Residence Permit for Employment,http://www.bmbah.hu/index.php?option=com_k2&view=item&id=59:residence-permit-for-the-purpose-of-employment&lang=en
Hungary,Skilled Migration PR,https://oif.gov.hu/
Hungary,Skilled Worker Visa,https://oif.gov.hu/
Hungary,Student Visa,https://oif.gov.hu/
Hungary,White Card (Digital Nomad),http://www.bmbah.hu/index.php?option=com_k2&view=item&id=1716:white-card&lang=en
Hungary,Work Visa,https://oif.gov.hu/
Hungary,Working Holiday Visa,https://oif.gov.hu/
Iceland,Entrepreneur/Startup Visa,https://www.utl.is/en/
Iceland,Family Reunification Visa,https://www.utl.is/en/
Iceland,Permanent residence permit,https://island.is/en/permanent-residence-permit
Iceland,Permanent Residency,https://www.utl.is/en/
Iceland,Residence permit for students,https://island.is/en/residence-permit-for-students
Iceland,Skilled Migration PR,https://www.utl.is/en/
Iceland,Skilled Worker Visa,https://www.utl.is/en/
Iceland,Student Visa,https://www.utl.is/en/
Iceland,Work permit,https://island.is/en/work-permits
Iceland,Work Visa,https://www.utl.is/en/
Iceland,Working Holiday Visa,https://www.utl.is/en/
India,Digital Nomad Visa,https://indianvisaonline.gov.in/
India,Employment Visa,https://indianvisaonline.gov.in/
India,Entrepreneur/Startup Visa,https://indianvisaonline.gov.in/
India,Entry/Residence permissions,https://boi.gov.in/
India,Family Reunification Visa,https://indianvisaonline.gov.in/
India,OCI long-term immigration status,https://ociservices.gov.in/
India,Overseas Citizen of India (OCI - Lifelong Entry/PR),https://ociservices.gov.in/
India,Skilled Worker Visa,https://indianvisaonline.gov.in/
India,Student Visa,https://indianvisaonline.gov.in/
India,Work Visa,https://indianvisaonline.gov.in/
Indonesia,Digital Nomad Visa,https://www.imigrasi.go.id/
Indonesia,Education Visa / Limited Stay Permit,https://www.imigrasi.go.id/
Indonesia,Family Reunification Visa,https://www.imigrasi.go.id/
Indonesia,Freelance/Self-Employed Visa,https://www.imigrasi.go.id/
Indonesia,Golden Visa (Investors),https://evisa.imigrasi.go.id/
Indonesia,Permanent Stay Permit,https://www.imigrasi.go.id/
Indonesia,Remote Worker Visa (E33G Digital Nomad),https://evisa.imigrasi.go.id/
Indonesia,Remote Worker Visa E33G,https://www.imigrasi.go.id/
Indonesia,Retirement Visa,https://www.imigrasi.go.id/
Indonesia,Student KITAS (C316),https://evisa.imigrasi.go.id/
Indonesia,Student Visa,https://www.imigrasi.go.id/
Indonesia,Work Visa,https://www.imigrasi.go.id/
Indonesia,Work Visa / Limited Stay Permit,https://www.imigrasi.go.id/
Indonesia,Working KITAS (C312),https://evisa.imigrasi.go.id/
Iran,Student Visa,https://www.mfa.gov.ir/
Iran,Work Visa,https://www.mfa.gov.ir/
Iraq,Student Visa,https://www.mofa.gov.iq/
Iraq,Work Visa,https://www.mofa.gov.iq/
Ireland,Critical Skills Employment Permit,https://enterprise.gov.ie/en/what-we-do/workplace-and-skills/employment-permits/permit-types/critical-skills-employment-permit/
Ireland,Entrepreneur/Startup Visa,https://www.irishimmigration.ie/
Ireland,Family Reunification Visa,https://www.irishimmigration.ie/
Ireland,General Employment Permit,https://enterprise.gov.ie/en/what-we-do/workplace-and-skills/employment-permits/permit-types/general-employment-permit/
Ireland,Investor/Golden Visa,https://www.irishimmigration.ie/
Ireland,Long Term Residency,https://www.irishimmigration.ie/my-situation-has-changed/long-term-residency/
Ireland,Permanent Residency,https://www.irishimmigration.ie/
Ireland,Permanent Residency (Stamp 4 / Long Term),https://www.irishimmigration.ie/my-situation-has-changed-since-i-arrived-in-ireland/long-term-residency/
Ireland,Skilled Migration PR,https://www.irishimmigration.ie/
Ireland,Skilled Worker Visa,https://www.irishimmigration.ie/
Ireland,Student Visa,https://www.irishimmigration.ie/
Ireland,Student Visa (Non-EEA),https://www.irishimmigration.ie/coming-to-study-in-ireland/
Ireland,Study visa,https://www.irishimmigration.ie/coming-to-study-in-ireland/
Ireland,Work Visa,https://www.irishimmigration.ie/
Ireland,Working Holiday Visa,https://www.irishimmigration.ie/
Israel,A/1 Temporary Resident Visa (Aliyah Trial Period),https://www.gov.il/en/service/a1-temporary-resident-visa
Israel,A/2 Student Visa,https://israel-entry.piba.gov.il/visa-option
Israel,A/4 Dependent Visa for Spouses and Children,https://israel-entry.piba.gov.il/visa-option
Israel,B-1 Work Visa,https://www.gov.il/en/service/work_visas_for_foreign_workers
Israel,B/1 Foreign Specialist (Hi-Tech Sector Fast-Track),https://www.gov.il/en/service/b1_specialist_visa_hitech
Israel,B/1 Foreign Worker Visa,https://israel-entry.piba.gov.il/visa-option
Israel,Entrepreneur/Startup Visa,https://www.gov.il/en/departments/population_and_immigration_authority
Israel,Family Reunification Visa,https://www.gov.il/en/departments/population_and_immigration_authority
Israel,Law of Return (Aliyah Permanent Immigration),https://www.gov.il/en/service/immigration_to_israel
Israel,Permanent residence,https://www.gov.il/en/departments/topics/permanent_residence
Israel,Permanent Residency,https://www.gov.il/en/departments/population_and_immigration_authority
Israel,Permanent Resident Status for Non-Jewish Spouses/Cases,https://www.gov.il/en/service/permanent_residence_request
Israel,Skilled Worker Visa,https://www.gov.il/en/departments/population_and_immigration_authority
Israel,Student Visa,https://www.gov.il/en/departments/population_and_immigration_authority
Israel,Student Visa A/2,https://www.gov.il/en/service/student_visa
Israel,Work Visa,https://www.gov.il/en/departments/population_and_immigration_authority
Israel,Working Holiday Visa,https://www.gov.il/en/departments/population_and_immigration_authority
Italy,Digital Nomad Visa,https://vistoperitalia.esteri.it/
Italy,Entrepreneur/Startup Visa,https://portaleimmigrazione.it/
Italy,EU Blue Card Work Visa,https://www.interno.gov.it/it/temi/immigrazione-e-asilo/modalita-dingresso/carta-blu-ue
Italy,Family Reunification Visa,https://portaleimmigrazione.it/
Italy,Job Seeker Visa,https://portaleimmigrazione.it/
Italy,Permanent Residency,https://portaleimmigrazione.it/
Italy,Skilled Migration PR,https://portaleimmigrazione.it/
Italy,Skilled Worker Visa,https://portaleimmigrazione.it/
Italy,Student Visa,https://portaleimmigrazione.it/
Italy,Study Visa,https://vistoperitalia.esteri.it/
Italy,Work Visa,https://portaleimmigrazione.it/
Italy,Working Holiday Visa,https://portaleimmigrazione.it/
Ivory Coast,Student Visa,https://www.mofa.gov.ci/
Ivory Coast,Work Visa,https://www.mofa.gov.ci/
Jamaica,Permanent residence,https://www.pica.gov.jm/
Jamaica,Student visa,https://www.pica.gov.jm/
Jamaica,Work Permit,https://www.pica.gov.jm/
Jamaica,Work Visa,https://www.pica.gov.jm/
Japan,Digital Nomad Visa (Designated Activities),https://www.mofa.go.jp/ca/fna/page22e_001037.html
Japan,Engineer/Specialist in Humanities/International Services,https://www.moj.go.jp/isa/applications/status/gijinkoku.html
Japan,Entrepreneur/Startup Visa,https://www.moj.go.jp/isa/index.html
Japan,Family Reunification Visa,https://www.moj.go.jp/isa/index.html
Japan,Highly Skilled Professional,https://www.moj.go.jp/isa/applications/status/highlyskilledprofessional.html
Japan,Highly Skilled Professional Visa,https://www.mofa.go.jp/j_info/visit/visa/long/visa16.html
Japan,Permanent Residence,https://www.moj.go.jp/isa/applications/procedures/zairyu_e.html
Japan,Permanent Residence (PR),https://www.moj.go.jp/isa/applications/procedures/16-4.html
Japan,Permanent Residency,https://www.moj.go.jp/isa/index.html
Japan,Skilled Worker Visa,https://www.moj.go.jp/isa/index.html
Japan,Student status of residence,https://www.moj.go.jp/isa/applications/status/student.html
Japan,Student Visa,https://www.mofa.go.jp/j_info/visit/visa/long/visa6.html
Japan,Work Visa,https://www.moj.go.jp/isa/index.html
Japan,Working Holiday Visa,https://www.moj.go.jp/isa/index.html
Jordan,Investor/Golden Visa,https://moi.gov.jo/EN/
Jordan,Residence permit,https://moi.gov.jo/
Jordan,Student residence,https://moi.gov.jo/
Jordan,Student Visa,https://moi.gov.jo/EN/
Jordan,Work permit,https://mol.gov.jo/
Jordan,Work Visa,https://moi.gov.jo/EN/
Kazakhstan,Family Reunification Visa,https://egov.kz/cms/en/categories/for_foreigners
Kazakhstan,Student Visa,https://egov.kz/cms/en/categories/for_foreigners
Kazakhstan,Work Visa,https://egov.kz/cms/en/categories/for_foreigners
Kenya,Class D Employment Permit,https://immigration.go.ke/work-permits-passes/
Kenya,Permanent Residence,https://immigration.go.ke/permanent-residence/
Kenya,Student Pass,https://immigration.go.ke/study-in-kenya/
Kenya,Student Visa,https://immigration.go.ke/
Kenya,Work Visa,https://immigration.go.ke/
Kiribati,Student Visa,https://www.mofa.gov.ki/
Kiribati,Work Visa,https://www.mofa.gov.ki/
Kosovo,Family Reunification Visa,https://www.moi-ks.org/
Kosovo,Skilled Worker Visa,https://www.moi-ks.org/
Kosovo,Student Visa,https://www.moi-ks.org/
Kosovo,Work Visa,https://www.moi-ks.org/
Kuwait,Family residence permit,https://e.gov.kw/sites/kgoenglish/Pages/Services/MOI/Residency.aspx
Kuwait,Self-Sponsorship Residence (Article 24),https://e.gov.kw/sites/kgoenglish/portal/pages/citizensandresidents/visa/selfsponsorshipresidency.aspx
Kuwait,Student Residence (Article 23),https://e.gov.kw/sites/kgoenglish/portal/pages/visitors/entryvisas/studyvisa.aspx
Kuwait,Student residence permit,https://e.gov.kw/sites/kgoenglish/Pages/Services/MOI/Residency.aspx
Kuwait,Student Visa,https://www.moi.gov.kw/
Kuwait,Work residence permit Article 18,https://e.gov.kw/sites/kgoenglish/Pages/Services/MOI/WorkPermits.aspx
Kuwait,Work Visa,https://www.moi.gov.kw/
Kuwait,Work Visa (Article 18),https://e.gov.kw/sites/kgoenglish/portal/pages/visitors/entryvisas/workvisa.aspx
Kyrgyzstan,Student Visa,https://www.gov.kg/
Kyrgyzstan,Work Visa,https://www.gov.kg/
Laos,Residence Permit,https://www.immigration.gov.la/
Laos,Student Visa,https://www.immigration.gov.la/
Laos,Work Permit,https://www.immigration.gov.la/
Laos,Work Visa,https://www.mofa.gov.la/
Latvia,Digital Nomad Visa,https://www.pmlp.gov.lv/en/digital-nomad-visa
Latvia,Entrepreneur/Startup Visa,https://www.pmlp.gov.lv/en/
Latvia,EU Blue Card,https://www.pmlp.gov.lv/en/eu-blue-card
Latvia,Family Reunification Visa,https://www.pmlp.gov.lv/en/
Latvia,Investor/Golden Visa,https://www.pmlp.gov.lv/en/
Latvia,Job Seeker Visa,https://www.pmlp.gov.lv/en/
Latvia,Permanent residence,https://www.pmlp.gov.lv/en/permanent-residence
Latvia,Permanent Residence Permit,https://www.pmlp.gov.lv/en/permanent-residence-permit
Latvia,Permanent Residency,https://www.pmlp.gov.lv/en/
Latvia,Residence Permit for Employment,https://www.pmlp.gov.lv/en/employment
Latvia,Residence permit for studies,https://www.pmlp.gov.lv/en/studies
Latvia,Skilled Migration PR,https://www.pmlp.gov.lv/en/
Latvia,Skilled Worker Visa,https://www.pmlp.gov.lv/en/
Latvia,Student Visa,https://www.pmlp.gov.lv/en/
Latvia,Temporary residence for employment,https://www.pmlp.gov.lv/en/employment
Latvia,Work Visa,https://www.pmlp.gov.lv/en/
Latvia,Working Holiday Visa,https://www.pmlp.gov.lv/en/
Lebanon,Student Visa,https://www.general-security.gov.lb/
Lebanon,Work Visa,https://www.general-security.gov.lb/
Lesotho,Student Visa,https://www.mofa.gov.ls/
Lesotho,Work Visa,https://www.mofa.gov.ls/
Liberia,Student Visa,https://www.mofa.gov.lr/
Liberia,Work Visa,https://www.mofa.gov.lr/
Libya,Student Visa,https://www.mofa.gov.ly/
Libya,Work Visa,https://www.mofa.gov.ly/
Liechtenstein,Family Reunification Visa,https://www.llv.li/
Liechtenstein,Student Visa,https://www.llv.li/
Liechtenstein,Work Visa,https://www.llv.li/
Lithuania,Entrepreneur/Startup Visa,https://migracija.lrv.lt/en/
Lithuania,EU Blue Card,https://migracija.lrv.lt/en/services/eu-blue-card
Lithuania,Family Reunification Visa,https://migracija.lrv.lt/en/
Lithuania,Job Seeker Visa,https://migracija.lrv.lt/en/
Lithuania,Permanent residence,https://migracija.lrv.lt/en/services/permanent-residence
Lithuania,Permanent Residence Permit,https://migracija.lrv.lt/en/structure-and-contacts/information-services/residence-permits/permanent-residence/
Lithuania,Permanent Residency,https://migracija.lrv.lt/en/
Lithuania,Skilled Migration PR,https://migracija.lrv.lt/en/
Lithuania,Skilled Worker Visa,https://migracija.lrv.lt/en/
Lithuania,Student Visa,https://migracija.lrv.lt/en/
Lithuania,Temporary residence for employment,https://migracija.lrv.lt/en/services/temporary-residence-permit
Lithuania,Temporary residence for studies,https://migracija.lrv.lt/en/services/studies
Lithuania,Temporary Residence Permit for Employment,https://migracija.lrv.lt/en/structure-and-contacts/information-services/residence-permits/for-foreigners-who-intend-to-work/
Lithuania,Temporary Residence Permit for Studies,https://migracija.lrv.lt/en/structure-and-contacts/information-services/residence-permits/for-foreigners-who-intend-to-study/
Lithuania,Work Visa,https://migracija.lrv.lt/en/
Lithuania,Working Holiday Visa,https://migracija.lrv.lt/en/
Luxembourg,Entrepreneur/Startup Visa,https://guichet.public.lu/en/citoyens/immigration.html
Luxembourg,EU Blue Card,https://guichet.lu/en/citizens/immigration/work/highly-qualified-worker.html
Luxembourg,Family Reunification Visa,https://guichet.public.lu/en/citoyens/immigration.html
Luxembourg,Job Seeker Visa,https://guichet.public.lu/en/citoyens/immigration.html
Luxembourg,Long-term resident status,https://guichet.lu/en/citizens/immigration/permanent-residence/long-term-resident.html
Luxembourg,Permanent Residency,https://guichet.public.lu/en/citoyens/immigration.html
Luxembourg,Salaried worker residence permit,https://guichet.lu/en/citizens/immigration/work/employee.html
Luxembourg,Skilled Migration PR,https://guichet.public.lu/en/citoyens/immigration.html
Luxembourg,Skilled Worker Visa,https://guichet.public.lu/en/citoyens/immigration.html
Luxembourg,Student residence permit,https://guichet.lu/en/citizens/immigration/study.html
Luxembourg,Student Visa,https://guichet.public.lu/en/citoyens/immigration.html
Luxembourg,Work Visa,https://guichet.public.lu/en/citoyens/immigration.html
Luxembourg,Working Holiday Visa,https://guichet.public.lu/en/citoyens/immigration.html
Macau,Employment Authorization,https://www.gov.mo/en/services/ps-1474/
Macau,Permanent Residence,https://www.gov.mo/en/services/ps-1475/
Macau,Student Visa,https://www.fsm.gov.mo/
Macau,Study Permit,https://www.gov.mo/en/services/ps-1473/
Macau,Work Visa,https://www.fsm.gov.mo/
Madagascar,Student Visa,https://www.mofa.gov.mg/
Madagascar,Work Visa,https://www.mofa.gov.mg/
Malawi,Student Visa,https://www.mofa.gov.mw/
Malawi,Work Visa,https://www.mofa.gov.mw/
Malaysia,DE Rantau Nomad Pass,https://mdec.my/derantau
Malaysia,Digital Nomad (DE Rantau),https://mdec.my/derantau
Malaysia,Digital Nomad Visa,https://www.imi.gov.my/index.php/en/
Malaysia,Employment Pass,https://esd.imi.gov.my/portal/expatriates/myxpats/key-services/employment-pass/
Malaysia,Employment Pass (Expatriate ESD),https://esd.imi.gov.my/evisapass/
Malaysia,Entrepreneur/Startup Visa,https://www.imi.gov.my/index.php/en/
Malaysia,Family Reunification Visa,https://www.imi.gov.my/index.php/en/
Malaysia,Freelance/Self-Employed Visa,https://www.imi.gov.my/index.php/en/
Malaysia,Malaysia My Second Home (MM2H),https://www.motac.gov.my/en/programmes/mm2h
Malaysia,Permanent Residency,https://www.imi.gov.my/index.php/en/
Malaysia,Professional Visit Pass,https://esd.imi.gov.my/portal/expatriates/myxpats/key-services/professional-visit-pass/
Malaysia,Residence Pass,https://www.imi.gov.my/index.php/en/main-services/pass/residence-pass/
Malaysia,Retirement Visa,https://www.imi.gov.my/index.php/en/
Malaysia,Skilled Migration PR,https://www.imi.gov.my/index.php/en/
Malaysia,Skilled Worker Visa,https://www.imi.gov.my/index.php/en/
Malaysia,Student Pass,https://educationmalaysia.gov.my/
Malaysia,Student Pass (EMGS),https://educationmalaysia.gov.my/
Malaysia,Student Visa,https://www.imi.gov.my/index.php/en/
Malaysia,Work Visa,https://www.imi.gov.my/index.php/en/
Maldives,Dependent Visa,https://www.immigration.gov.mv/
Maldives,Employment Approval,https://www.immigration.gov.mv/
Maldives,Resident Permit,https://www.immigration.gov.mv/
Maldives,Student Visa,https://www.immigration.gov.mv/
Maldives,Work Visa,https://www.immigration.gov.mv/
Mali,Student Visa,https://www.mofa.gov.ml/
Mali,Work Visa,https://www.mofa.gov.ml/
Malta,Digital Nomad Visa,https://identita.gov.mt/
Malta,Entrepreneur/Startup Visa,https://identita.gov.mt/
Malta,EU Blue Card,https://identita.gov.mt/expatriates-unit-main-page/third-country-nationals/
Malta,Family Reunification Visa,https://identita.gov.mt/
Malta,Freelance/Self-Employed Visa,https://identita.gov.mt/
Malta,Investor/Golden Visa,https://identita.gov.mt/
Malta,Long-term residence,https://identita.gov.mt/expatriates-unit-main-page/third-country-nationals/
Malta,Malta Permanent Residence Programme (MPRP),https://residencymalta.gov.mt/mprp-overview/
Malta,Nomad Residence Permit,https://residencymalta.gov.mt/nomad-residence-permit/
Malta,Permanent Residency,https://identita.gov.mt/
Malta,Retirement Visa,https://identita.gov.mt/
Malta,Single Permit,https://identita.gov.mt/expatriates-unit-main-page/third-country-nationals/
Malta,Single Permit for Employment,https://identitymalta.com/services/single-permit/
Malta,Skilled Worker Visa,https://identita.gov.mt/
Malta,Student Visa,https://identita.gov.mt/
Malta,Study residence permit,https://identita.gov.mt/expatriates-unit-main-page/third-country-nationals/
Malta,Work Visa,https://identita.gov.mt/
Marshall Islands,Student Visa,https://www.mofa.gov.mh/
Marshall Islands,Work Visa,https://www.mofa.gov.mh/
Mauritius,Digital Nomad Visa,https://residency.mu/
Mauritius,Occupation Permit,https://residency.mu/
Mauritius,Occupation Permit (Professional & Investor),https://edbmauritius.org/work-and-live-in-mauritius
Mauritius,Permanent Residence,https://residency.mu/
Mauritius,Permanent Residence Permit (20 Years),https://edbmauritius.org/permanent-residence
Mauritius,Premium Visa (Digital Nomad / Long Stay),https://edbmauritius.org/premium-visa
Mauritius,Professional Occupation Permit,https://residency.mu/
Mauritius,Retirement Visa,https://residency.mu/
Mauritius,Student Residence Permit,https://passport.govmu.org/
Mauritius,Student Visa,https://residency.mu/
Mauritius,Work Visa,https://residency.mu/
Mexico,Digital Nomad Visa,https://www.gob.mx/inm
Mexico,Family Reunification Visa,https://www.gob.mx/inm
Mexico,Investor Temporary Resident Visa,https://www.gob.mx/sre/acciones-y-programas/visas-para-extranjeros
Mexico,Permanent Resident Visa,https://www.gob.mx/sre/acciones-y-programas/visas-para-extranjeros
Mexico,Regularization / Humanitarian Residency,https://www.gob.mx/inm/acciones-y-programas/tramites-migratorios
Mexico,Retirement Visa,https://www.gob.mx/inm
Mexico,Student Temporary Resident Visa,https://www.gob.mx/sre/acciones-y-programas/visa-de-residente-temporal-estudiante
Mexico,Student Visa,https://www.gob.mx/sre/acciones-y-programas/visas-para-extranjeros
Mexico,Temporary Resident for Work,https://www.gob.mx/inm/acciones-y-programas/trabajadores-extranjeros
Mexico,Temporary Resident Visa,https://www.gob.mx/sre/acciones-y-programas/visas-para-extranjeros
Mexico,Temporary Resident Visa (Income/Remote),https://www.gob.mx/sre/acciones-y-programas/visas-para-extranjeros
Mexico,Temporary Resident Visa (Remote Income / Economic Solvency),https://www.gob.mx/sre/acciones-y-programas/visas-para-extranjeros
Mexico,Work Visa,https://www.gob.mx/inm
Mexico,Work Visa (Offer of Employment via INM NUT),https://www.gob.mx/inm/acciones-y-programas/tramites-migratorios
Mexico,Work Visa with INM Job Offer,https://www.gob.mx/inm/acciones-y-programas/tramites-migratorios
Micronesia,Student Visa,https://www.mofa.gov.fm/
Micronesia,Work Visa,https://www.mofa.gov.fm/
Moldova,Family Reunification Visa,https://igm.gov.md/en
Moldova,Permanent Residency,https://igm.gov.md/en
Moldova,Skilled Worker Visa,https://igm.gov.md/en
Moldova,Student Visa,https://igm.gov.md/en
Moldova,Work Visa,https://igm.gov.md/en
Monaco,Family Reunification Visa,https://www.gouv.mc/
Monaco,Student Visa,https://www.gouv.mc/
Monaco,Work Visa,https://www.gouv.mc/
Mongolia,Student Visa,https://www.mfa.gov.mn/
Mongolia,Work Visa,https://www.mfa.gov.mn/
Montenegro,Digital Nomad Visa,https://www.gov.me/en
Montenegro,Entrepreneur/Startup Visa,https://www.gov.me/en
Montenegro,Family Reunification Visa,https://www.gov.me/en
Montenegro,Freelance/Self-Employed Visa,https://www.gov.me/en
Montenegro,Permanent residence,https://www.gov.me/en/ministries/ministry-of-interior
Montenegro,Permanent Residency,https://www.gov.me/en
Montenegro,Skilled Migration PR,https://www.gov.me/en
Montenegro,Skilled Worker Visa,https://www.gov.me/en
Montenegro,Student Visa,https://www.gov.me/en
Montenegro,Temporary residence for study,https://www.gov.me/en/ministries/ministry-of-interior
Montenegro,Temporary residence for work,https://www.gov.me/en/ministries/ministry-of-interior
Montenegro,Work Visa,https://www.gov.me/en
Montenegro,Working Holiday Visa,https://www.gov.me/en
Morocco,Investor/Golden Visa,https://www.dgsn.gov.ma/
Morocco,Residence permit,https://www.service-public.ma/
Morocco,Retirement Visa,https://www.dgsn.gov.ma/
Morocco,Student visa,https://www.acces-maroc.ma/
Morocco,Work authorization,https://www.acces-maroc.ma/
Morocco,Work Visa,https://www.dgsn.gov.ma/
Mozambique,Student Visa,https://www.mofa.gov.mz/
Mozambique,Work Visa,https://www.mofa.gov.mz/
Myanmar,Education Visa,https://www.mip.gov.mm/
Myanmar,Employment Visa,https://www.mip.gov.mm/
Myanmar,Permanent Residence,https://www.mip.gov.mm/
Myanmar,Student Visa,https://www.mofa.gov.mm/
Myanmar,Work Visa,https://www.mofa.gov.mm/
Namibia,Employment permit,https://mhaiss.gov.na/
Namibia,Permanent residence,https://mhaiss.gov.na/
Namibia,Student Visa,https://www.mha.gov.na/
Namibia,Study permit,https://mhaiss.gov.na/
Namibia,Work Visa,https://www.mha.gov.na/
Nauru,Student Visa,https://www.mofa.gov.nr/
Nauru,Work Visa,https://www.mofa.gov.nr/
Nepal,Residential Visa,https://www.immigration.gov.np/
Nepal,Student Visa,https://www.immigration.gov.np/
Nepal,Study Visa,https://www.immigration.gov.np/
Nepal,Work Visa,https://www.immigration.gov.np/
Nepal,Working Visa,https://www.immigration.gov.np/
Netherlands,Digital Nomad Visa,https://ind.nl/en
Netherlands,Entrepreneur/Startup Visa,https://ind.nl/en
Netherlands,EU Blue Card,https://ind.nl/en/residence-permits/work/eu-blue-card
Netherlands,Family Reunification Visa,https://ind.nl/en
Netherlands,Freelance/Self-Employed Visa,https://ind.nl/en
Netherlands,Highly Skilled Migrant,https://ind.nl/en/residence-permits/work/highly-skilled-migrant
Netherlands,Job Seeker Visa,https://ind.nl/en
Netherlands,Permanent residence permit,https://ind.nl/en/permanent-residence/permanent-residence
Netherlands,Permanent Residency,https://ind.nl/en
Netherlands,Skilled Migration PR,https://ind.nl/en
Netherlands,Skilled Worker Visa,https://ind.nl/en
Netherlands,Student Residence Permit,https://ind.nl/en/residence-permits/study/student-residence-permit-for-university-or-higher-professional-education
Netherlands,Student Visa,https://ind.nl/en
Netherlands,Study residence permit,https://ind.nl/en/residence-permits/study
Netherlands,Work Visa,https://ind.nl/en
Netherlands,Working Holiday Visa,https://ind.nl/en
New Caledonia,Student Visa,https://www.gouv.nc/
New Caledonia,Work Visa,https://www.gouv.nc/
New Zealand,Accredited Employer Work Visa,https://www.immigration.govt.nz/new-zealand-visas/visas/visa/aeWV
New Zealand,Entrepreneur/Startup Visa,https://www.immigration.govt.nz/
New Zealand,Family Reunification Visa,https://www.immigration.govt.nz/
New Zealand,Fee Paying Student Visa,https://www.immigration.govt.nz/new-zealand-visas/visas/visa/fee-paying-student-visa
New Zealand,Green List Straight to Residence Visa,https://www.immigration.govt.nz/new-zealand-visas/visas/visa/straight-to-residence-visa
New Zealand,Green List Work to Residence Visa,https://www.immigration.govt.nz/new-zealand-visas/visas/visa/work-to-residence-visa
New Zealand,Investor/Golden Visa,https://www.immigration.govt.nz/
New Zealand,Permanent Residency,https://www.immigration.govt.nz/
New Zealand,Skilled Migrant Category Resident Visa,https://www.immigration.govt.nz/new-zealand-visas/visas/visa/skilled-migrant-category-resident-visa
New Zealand,Skilled Migration PR,https://www.immigration.govt.nz/
New Zealand,Skilled Worker Visa,https://www.immigration.govt.nz/
New Zealand,Student Visa,https://www.immigration.govt.nz/
New Zealand,Work Visa,https://www.immigration.govt.nz/
New Zealand,Working Holiday Visa,https://www.immigration.govt.nz/
Nicaragua,Student Visa,https://www.migracion.gob.ni/
Nicaragua,Work Visa,https://www.migracion.gob.ni/
Niger,Student Visa,https://www.mofa.gov.ne/
Niger,Work Visa,https://www.mofa.gov.ne/
Nigeria,Expatriate Employment Visa,https://immigration.gov.ng/
Nigeria,Student Visa,https://immigration.gov.ng/
Nigeria,Subject to Regularization,https://immigration.gov.ng/
Nigeria,Temporary Work Permit,https://immigration.gov.ng/
Nigeria,Work Visa,https://immigration.gov.ng/
North Korea,Student Visa,https://www.mofa.gov.kp/
North Korea,Work Visa,https://www.mofa.gov.kp/
North Macedonia,Family Reunification Visa,https://www.moi.gov.mk/
North Macedonia,Permanent residence,https://mvr.gov.mk/
North Macedonia,Permanent Residency,https://www.moi.gov.mk/
North Macedonia,Skilled Worker Visa,https://www.moi.gov.mk/
North Macedonia,Student Visa,https://www.moi.gov.mk/
North Macedonia,Temporary residence for employment,https://mvr.gov.mk/
North Macedonia,Temporary residence for study,https://mvr.gov.mk/
North Macedonia,Work Visa,https://www.moi.gov.mk/
Norway,Entrepreneur/Startup Visa,https://www.udi.no/en/
Norway,Family Reunification Visa,https://www.udi.no/en/
Norway,Job Seeker Visa for Skilled Workers,https://www.udi.no/en/want-to-apply/work-immigration/job-seekers/
Norway,Permanent residence permit,https://www.udi.no/en/want-to-apply/permanent-residence/
Norway,Permanent Residency,https://www.udi.no/en/
Norway,Researcher / Visiting Scholar Residence Permit,https://www.udi.no/en/want-to-apply/work-immigration/researchers-with-own-funds/
Norway,Seasonal Work Residence Permit,https://www.udi.no/en/want-to-apply/work-immigration/seasonal-workers/
Norway,Self-Employed Persons Residence Permit,https://www.udi.no/en/want-to-apply/work-immigration/self-employed/
Norway,Skilled Migration PR,https://www.udi.no/en/
Norway,Skilled worker residence permit,https://www.udi.no/en/want-to-apply/work-immigration/skilled-workers/
Norway,Skilled Worker Visa,https://www.udi.no/en/
Norway,Student Visa,https://www.udi.no/en/
Norway,Study permit,https://www.udi.no/en/want-to-apply/studies/
Norway,Study Permit (Higher Education),https://www.udi.no/en/want-to-apply/studies/
Norway,Work Visa,https://www.udi.no/en/
Norway,Working Holiday Visa,https://www.udi.no/en/
Oman,Employment visa,https://www.rop.gov.om/english/visa_8.asp
Oman,Golden Residency,https://omanresidence.gov.om/
Oman,Investor Residency Programme,https://tejarat.gov.om/
Oman,Student visa,https://www.rop.gov.om/english/visa_10.asp
Oman,Work Visa,https://www.rop.gov.om/
Pakistan,Business Visa,https://visa.nadra.gov.pk/
Pakistan,Residence / visa extension,https://visa.nadra.gov.pk/
Pakistan,Student Visa,https://visa.nadra.gov.pk/
Pakistan,Work Visa,https://visa.nadra.gov.pk/
Palau,Student Visa,https://www.mofa.gov.pw/
Palau,Work Visa,https://www.mofa.gov.pw/
Palestine,Student Visa,https://www.mofa.gov.ps/
Palestine,Work Visa,https://www.mofa.gov.ps/
Panama,Digital Nomad Visa,https://www.migracion.gob.pa/
Panama,Employment residence permit,https://www.migracion.gob.pa/
Panama,Family Reunification Visa,https://www.migracion.gob.pa/
Panama,Friendly Nations Visa (Permanent Residence),https://www.migracion.gob.pa/
Panama,Permanent residence,https://www.migracion.gob.pa/
Panama,Qualified Investor Permanent Residence,https://www.redinversion.gob.pa/
Panama,Qualified Investor residence,https://www.migracion.gob.pa/
Panama,Retirement Visa,https://www.migracion.gob.pa/
Panama,Short Stay Remote Worker (Digital Nomad),https://www.migracion.gob.pa/
Panama,Student residence permit,https://www.migracion.gob.pa/
Panama,Student Visa,https://www.migracion.gob.pa/
Panama,Work Visa,https://www.migracion.gob.pa/
Papua New Guinea,Student Visa,https://www.immigration.gov.pg/
Papua New Guinea,Work Visa,https://www.immigration.gov.pg/
Paraguay,Family Reunification Visa,https://www.migraciones.gov.py/
Paraguay,Permanent residence,https://www.migraciones.gov.py/
Paraguay,Retirement Visa,https://www.migraciones.gov.py/
Paraguay,Student Visa,https://www.migraciones.gov.py/
Paraguay,Temporary residence for study,https://www.migraciones.gov.py/
Paraguay,Temporary residence for work,https://www.migraciones.gov.py/
Paraguay,Work Visa,https://www.migraciones.gov.py/
Peru,Digital Nomad / remote work residence,https://www.gob.pe/migraciones
Peru,Digital Nomad Visa,https://www.gob.pe/migraciones
Peru,Family Reunification Visa,https://www.gob.pe/migraciones
Peru,Freelance/Self-Employed Visa,https://www.gob.pe/migraciones
Peru,Permanent residence,https://www.gob.pe/migraciones
Peru,Retirement Visa,https://www.gob.pe/migraciones
Peru,Student residence,https://www.gob.pe/migraciones
Peru,Student Visa,https://www.gob.pe/migraciones
Peru,Temporary residence for workers,https://www.gob.pe/migraciones
Peru,Work Visa,https://www.gob.pe/migraciones
Philippines,9F Student Visa,https://immigration.gov.ph/
Philippines,9G Pre-Arranged Employee Visa,https://immigration.gov.ph/
Philippines,Digital Nomad Visa,https://immigration.gov.ph/
Philippines,Family Reunification Visa,https://immigration.gov.ph/
Philippines,Freelance/Self-Employed Visa,https://immigration.gov.ph/
Philippines,Permanent Resident Visa,https://immigration.gov.ph/
Philippines,Pre-Arranged Employment Visa (9G),https://immigration.gov.ph/visa-requirements/non-immigrant-visa/pre-arranged-employee-visa/
Philippines,Retirement Visa,https://immigration.gov.ph/
Philippines,Special Investor's Resident Visa (SIRV),https://boi.gov.ph/services/special-investors-resident-visa/
Philippines,Special Resident Retiree's Visa,https://pra.gov.ph/
Philippines,Student Visa,https://immigration.gov.ph/
Philippines,Student Visa (9F),https://immigration.gov.ph/visa-requirements/student-visa/
Philippines,Work Visa,https://immigration.gov.ph/
Poland,Entrepreneur/Startup Visa,https://www.gov.pl/web/udsc-en
Poland,EU Blue Card,https://www.gov.pl/web/udsc-en/eu-blue-card
Poland,Family Reunification Visa,https://www.gov.pl/web/udsc-en
Poland,Job Seeker Visa,https://www.gov.pl/web/udsc-en
Poland,Permanent residence permit,https://www.gov.pl/web/udsc-en/permanent-residence-permit
Poland,Permanent Residency,https://www.gov.pl/web/udsc-en
Poland,Skilled Migration PR,https://www.gov.pl/web/udsc-en
Poland,Skilled Worker Visa,https://www.gov.pl/web/udsc-en
Poland,Student residence permit,https://www.gov.pl/web/udsc-en/studies
Poland,Student Temporary Residence,https://www.gov.pl/web/udsc/zezwolenie-na-pobyt-czasowy--studia
Poland,Student Visa,https://www.gov.pl/web/udsc-en
Poland,Temporary residence and work permit,https://www.gov.pl/web/udsc-en/temporary-residence-permit
Poland,Work and Residence Permit (Single Permit),https://www.gov.pl/web/udsc/zezwolenie-na-pobyt-czasowy-i-prace
Poland,Work Visa,https://www.gov.pl/web/udsc-en
Poland,Working Holiday Visa,https://www.gov.pl/web/udsc-en
Portugal,D2 Immigrant Entrepreneur Visa,https://vistos.mne.gov.pt/en/national-visas/general-information/type-of-visa-applications/residence-permit/independent-work-entrepreneurs
Portugal,D8 Digital Nomad Visa,https://vistos.mne.gov.pt/en/national-visas/general-information/type-of-visa-applications/residence-permit/remote-work-digital-nomads
Portugal,Digital Nomad residence authorization,https://aima.gov.pt/pt/trabalhar/autorizacao-de-residencia-para-o-exercicio-de-atividade-profissional-prestada-de-forma-remota-com-visto-de-residencia-para-o-exe
Portugal,Digital Nomad Visa,https://aima.gov.pt/en
Portugal,Entrepreneur/Startup Visa,https://aima.gov.pt/en
Portugal,Family Reunification Visa,https://aima.gov.pt/en
Portugal,Freelance/Self-Employed Visa,https://aima.gov.pt/en
Portugal,Investor/Golden Visa,https://aima.gov.pt/en
Portugal,Job Seeker Visa,https://aima.gov.pt/en
Portugal,Permanent residence permit,https://aima.gov.pt/pt/viver/permanencia/permanencia-em-portugal
Portugal,Permanent Residency,https://aima.gov.pt/en
Portugal,Residence visa for independent work or entrepreneurs,https://www.gov.pt/servicos/pedir-visto-de-residencia-para-o-exercicio-de-atividade-profissional-independente-ou-para-imigrantes-empreendedores
Portugal,Residence visa for subordinate work,https://www.gov.pt/servicos/pedir-um-visto-de-residencia-para-trabalho-dependente
Portugal,Retirement Visa,https://aima.gov.pt/en
Portugal,Skilled Migration PR,https://aima.gov.pt/en
Portugal,Skilled Worker Visa,https://aima.gov.pt/en
Portugal,Student National Visa,https://vistos.mne.gov.pt/en/national-visas/general-information/type-of-visa-applications/residence-permit/higher-education-study
Portugal,Student Visa,https://aima.gov.pt/en
Portugal,Study residence visa,https://www.gov.pt/servicos/pedir-um-visto-de-residencia-para-estudo
Portugal,Work Visa,https://aima.gov.pt/en
Portugal,Working Holiday Visa,https://aima.gov.pt/en
Puerto Rico,Student Visa,https://www.uscis.gov/
Puerto Rico,Work Visa,https://www.uscis.gov/
Qatar,Entrepreneur residency,https://www.invest.qa/
Qatar,Entrepreneur/Startup Visa,https://hukoomi.gov.qa/en
Qatar,Family Reunification Visa,https://hukoomi.gov.qa/en
Qatar,Permanent Residency,https://hukoomi.gov.qa/en
Qatar,Permanent residency permit,https://portal.www.gov.qa/wps/portal/topics/visas-and-official-documents/permanent-residency
Qatar,Real Estate Permanent Residency,https://www.moi.gov.qa/site/english/departments/Immigration/realestate.html
Qatar,Skilled Migration PR,https://hukoomi.gov.qa/en
Qatar,Skilled Worker Visa,https://hukoomi.gov.qa/en
Qatar,Student Residence Visa,https://hukoomi.gov.qa/en/service/issue-study-residence-permit
Qatar,Student visa,https://www.edu.gov.qa/en/pages/students
Qatar,Work residence permit,https://portal.www.gov.qa/wps/portal/topics/visas-and-official-documents
Qatar,Work Visa,https://hukoomi.gov.qa/en
Republic of Congo,Student Visa,https://www.mofa.gov.cg/
Republic of Congo,Work Visa,https://www.mofa.gov.cg/
Romania,Digital Nomad Long-Stay Visa,https://evisa.mae.ro/
Romania,Employment visa D/AM,https://igi.mai.gov.ro/en/employment/
Romania,Entrepreneur/Startup Visa,https://igi.mai.gov.ro/en/
Romania,EU Blue Card,https://igi.mai.gov.ro/en/employment/
Romania,Family Reunification Visa,https://igi.mai.gov.ro/en/
Romania,Job Seeker Visa,https://igi.mai.gov.ro/en/
Romania,Long-Stay Visa for Employment,https://evisa.mae.ro/
Romania,Permanent residence,https://igi.mai.gov.ro/en/permanent-residence/
Romania,Permanent Residence Permit,https://igi.mai.gov.ro/en/long-term-right-of-residence/
Romania,Permanent Residency,https://igi.mai.gov.ro/en/
Romania,Skilled Migration PR,https://igi.mai.gov.ro/en/
Romania,Skilled Worker Visa,https://igi.mai.gov.ro/en/
Romania,Student Visa,https://igi.mai.gov.ro/en/
Romania,Study visa D/SD,https://igi.mai.gov.ro/en/studies/
Romania,Work Visa,https://igi.mai.gov.ro/en/
Romania,Working Holiday Visa,https://igi.mai.gov.ro/en/
Russia,Family Reunification Visa,https://mvd.ru/en/
Russia,Student Visa,https://mvd.ru/en/
Russia,Work Visa,https://mvd.ru/en/
Rwanda,Permanent residence,https://www.migration.gov.rw/
Rwanda,Student permit,https://www.migration.gov.rw/
Rwanda,Student Visa,https://www.migration.gov.rw/
Rwanda,Work permit,https://www.migration.gov.rw/
Rwanda,Work Visa,https://www.migration.gov.rw/
Saint Kitts and Nevis,Citizenship by Investment,https://ciu.gov.kn/
Saint Kitts and Nevis,Investor/Golden Visa,https://ciu.gov.kn/
Saint Kitts and Nevis,Student Visa,https://ciu.gov.kn/
Saint Kitts and Nevis,Work Visa,https://ciu.gov.kn/
Saint Lucia,Citizenship by Investment,https://www.cipsaintlucia.com/
Saint Lucia,Investor/Golden Visa,https://www.cipsaintlucia.com/
Saint Lucia,Student Visa,https://www.cipsaintlucia.com/
Saint Lucia,Work Visa,https://www.cipsaintlucia.com/
Saint Vincent and the Grenadines,Student Visa,https://www.government.vc/
Saint Vincent and the Grenadines,Work Visa,https://www.government.vc/
Samoa,Student Visa,https://www.mofa.gov.ws/
Samoa,Work Visa,https://www.mofa.gov.ws/
Sao Tome and Principe,Student Visa,https://www.mofa.gov.st/
Sao Tome and Principe,Work Visa,https://www.mofa.gov.st/
Saudi Arabia,Employment visa,https://www.mofa.gov.sa/en/eservices/Pages/default.aspx
Saudi Arabia,Entrepreneur/Startup Visa,https://www.hrsd.gov.sa/en
Saudi Arabia,Family Reunification Visa,https://www.hrsd.gov.sa/en
Saudi Arabia,Foreign Investor License & Residency,https://misa.gov.sa/
Saudi Arabia,Investor/Golden Visa,https://www.hrsd.gov.sa/en
Saudi Arabia,Permanent Residency,https://www.hrsd.gov.sa/en
Saudi Arabia,Premium Residency,https://saprc.gov.sa/
Saudi Arabia,Premium Residency Products,https://pr.gov.sa/
Saudi Arabia,Skilled Migration PR,https://www.hrsd.gov.sa/en
Saudi Arabia,Skilled Worker Visa,https://www.hrsd.gov.sa/en
Saudi Arabia,Student visa,https://studyinsaudi.moe.gov.sa/
Saudi Arabia,Study Visa Services,https://visa.mofa.gov.sa/
Saudi Arabia,Temporary Work Visa,https://visa.visitsaudi.com/
Saudi Arabia,Work permit / employment residence,https://www.hrsd.gov.sa/en
Saudi Arabia,Work Visa,https://www.hrsd.gov.sa/en
Senegal,Student Visa,https://www.mofa.gov.sn/
Senegal,Work Visa,https://www.mofa.gov.sn/
Serbia,Employment residence permit,https://welcometoserbia.gov.rs/home/
Serbia,Entrepreneur/Startup Visa,https://welcometoserbia.gov.rs/
Serbia,Family Reunification Visa,https://welcometoserbia.gov.rs/
Serbia,Freelance/Self-Employed Visa,https://welcometoserbia.gov.rs/
Serbia,Permanent residence,https://welcometoserbia.gov.rs/home/
Serbia,Permanent Residency,https://welcometoserbia.gov.rs/
Serbia,Single residence and work permit,https://welcometoserbia.gov.rs/home/
Serbia,Skilled Migration PR,https://welcometoserbia.gov.rs/
Serbia,Skilled Worker Visa,https://welcometoserbia.gov.rs/
Serbia,Student Visa,https://welcometoserbia.gov.rs/
Serbia,Study residence permit,https://welcometoserbia.gov.rs/home/
Serbia,Work Visa,https://welcometoserbia.gov.rs/
Serbia,Working Holiday Visa,https://welcometoserbia.gov.rs/
Seychelles,Digital Nomad Visa,https://www.mofa.gov.sc/
Seychelles,Gainful Occupation Permit,https://www.ics.gov.sc/
Seychelles,Permanent residence,https://www.ics.gov.sc/
Seychelles,Retirement Visa,https://www.mofa.gov.sc/
Seychelles,Student permit,https://www.ics.gov.sc/
Seychelles,Student Visa,https://www.mofa.gov.sc/
Seychelles,Work Visa,https://www.mofa.gov.sc/
Sierra Leone,Student Visa,https://www.mofa.gov.sl/
Sierra Leone,Work Visa,https://www.mofa.gov.sl/
Singapore,Digital Nomad Visa,https://www.mom.gov.sg/passes-and-permits
Singapore,Employment Pass,https://www.mom.gov.sg/passes-and-permits/employment-pass/eligibility
Singapore,Employment Pass (EP),https://www.mom.gov.sg/passes-and-permits/employment-pass
Singapore,Entrepreneur/Startup Visa,https://www.mom.gov.sg/passes-and-permits
Singapore,Family Reunification Visa,https://www.mom.gov.sg/passes-and-permits
Singapore,Investor/Golden Visa,https://www.mom.gov.sg/passes-and-permits
Singapore,Job Seeker Visa,https://www.mom.gov.sg/passes-and-permits
Singapore,ONE Pass (Overseas Networks & Expertise),https://www.mom.gov.sg/passes-and-permits/overseas-networks-expertise-pass
Singapore,Permanent Residence,https://www.ica.gov.sg/reside/PR/
Singapore,Permanent Residence (PR),https://www.ica.gov.sg/reside/PR/apply
Singapore,Permanent Residency,https://www.mom.gov.sg/passes-and-permits
Singapore,S Pass,https://www.mom.gov.sg/passes-and-permits/s-pass/eligibility
Singapore,Skilled Migration PR,https://www.mom.gov.sg/passes-and-permits
Singapore,Skilled Worker Visa,https://www.mom.gov.sg/passes-and-permits
Singapore,Student Pass,https://www.ica.gov.sg/reside/STP
Singapore,Student Visa,https://www.mom.gov.sg/passes-and-permits
Singapore,Student's Pass,https://www.ica.gov.sg/reside/STP/apply
Singapore,Work Visa,https://www.mom.gov.sg/passes-and-permits
Singapore,Working Holiday Visa,https://www.mom.gov.sg/passes-and-permits
Slovakia,Entrepreneur/Startup Visa,https://www.minv.sk/?policajny-zbor-sr
Slovakia,EU Blue Card,https://www.minv.sk/?eu-blue-card
Slovakia,Family Reunification Visa,https://www.minv.sk/?policajny-zbor-sr
Slovakia,Freelance/Self-Employed Visa,https://www.minv.sk/?policajny-zbor-sr
Slovakia,Job Seeker Visa,https://www.minv.sk/?policajny-zbor-sr
Slovakia,Permanent residence,https://www.minv.sk/?permanent-residence
Slovakia,Permanent Residence Permit,https://www.minv.sk/?residence-of-an-alien
Slovakia,Permanent Residency,https://www.minv.sk/?policajny-zbor-sr
Slovakia,Skilled Migration PR,https://www.minv.sk/?policajny-zbor-sr
Slovakia,Skilled Worker Visa,https://www.minv.sk/?policajny-zbor-sr
Slovakia,Student Visa,https://www.minv.sk/?policajny-zbor-sr
Slovakia,Temporary residence for employment,https://www.minv.sk/?temporary-residence-of-foreigners
Slovakia,Temporary Residence for Studies,https://www.minv.sk/?residence-of-an-alien
Slovakia,Temporary residence for study,https://www.minv.sk/?temporary-residence-for-study
Slovakia,Work Visa,https://www.minv.sk/?policajny-zbor-sr
Slovakia,Working Holiday Visa,https://www.minv.sk/?policajny-zbor-sr
Slovenia,Entrepreneur/Startup Visa,https://www.gov.si/en/topics/entry-and-residence/
Slovenia,EU Blue Card,https://www.gov.si/en/topics/entry-and-residence/entry-and-residence-of-foreigners/
Slovenia,Family Reunification Visa,https://www.gov.si/en/topics/entry-and-residence/
Slovenia,Freelance/Self-Employed Visa,https://www.gov.si/en/topics/entry-and-residence/
Slovenia,Job Seeker Visa,https://www.gov.si/en/topics/entry-and-residence/
Slovenia,Permanent residence,https://www.gov.si/en/topics/entry-and-residence/entry-and-residence-of-foreigners/
Slovenia,Permanent Residency,https://www.gov.si/en/topics/entry-and-residence/
Slovenia,Residence permit for study,https://www.gov.si/en/topics/entry-and-residence/entry-and-residence-of-foreigners/
Slovenia,Single permit,https://www.gov.si/en/topics/entry-and-residence/entry-and-residence-of-foreigners/
Slovenia,Single Work and Residence Permit,https://www.gov.si/en/topics/entry-and-residence/
Slovenia,Skilled Migration PR,https://www.gov.si/en/topics/entry-and-residence/
Slovenia,Skilled Worker Visa,https://www.gov.si/en/topics/entry-and-residence/
Slovenia,Student Visa,https://www.gov.si/en/topics/entry-and-residence/
Slovenia,Work Visa,https://www.gov.si/en/topics/entry-and-residence/
Slovenia,Working Holiday Visa,https://www.gov.si/en/topics/entry-and-residence/
Solomon Islands,Student Visa,https://www.mofa.gov.sb/
Solomon Islands,Work Visa,https://www.mofa.gov.sb/
Somalia,Student Visa,https://www.mofa.gov.so/
Somalia,Work Visa,https://www.mofa.gov.so/
South Africa,Business Visa (Establishing / Investing in Business),http://www.dha.gov.za/index.php/immigration-services/business-visa
South Africa,Critical Skills Work Visa,https://www.dha.gov.za/index.php/types-of-visas
South Africa,Family Reunification Visa,https://www.dha.gov.za/
South Africa,General Work Visa,https://www.dha.gov.za/index.php/types-of-visas
South Africa,Intra-Company Transfer (ICT) Work Visa,http://www.dha.gov.za/index.php/immigration-services/work-visas
South Africa,Permanent Residence Permit,https://www.dha.gov.za/index.php/types-of-visas
South Africa,Permanent Residency,https://www.dha.gov.za/
South Africa,Remote Work Visitor Visa (Section 11(1)(b)),http://www.dha.gov.za/index.php/immigration-services/work-visas
South Africa,Retired Person Visa / Permit,http://www.dha.gov.za/index.php/immigration-services/types-of-temporary-visas
South Africa,Retirement Visa,https://www.dha.gov.za/
South Africa,Skilled Worker Visa,https://www.dha.gov.za/
South Africa,Student Visa,https://www.dha.gov.za/
South Africa,Study Visa,https://www.dha.gov.za/index.php/types-of-visas
South Africa,Work Visa,https://www.dha.gov.za/
South Africa,Working Holiday Visa,https://www.dha.gov.za/
South Korea,D-2 Student Visa,https://www.hikorea.go.kr/
South Korea,D-2 Study Visa,https://www.visa.go.kr/
South Korea,E-7 Foreign National of Special Ability,https://www.visa.go.kr/
South Korea,E-7 Special Ability/Professional Work Visa,https://www.hikorea.go.kr/
South Korea,Entrepreneur/Startup Visa,https://www.hikorea.go.kr/Main.pt
South Korea,F-2 Points-Based Resident Visa,https://www.hikorea.go.kr/
South Korea,F-2 Residence Visa,https://www.hikorea.go.kr/
South Korea,F-5 Permanent Residence,https://www.hikorea.go.kr/
South Korea,F-5 Permanent Residency,https://www.hikorea.go.kr/
South Korea,Family Reunification Visa,https://www.hikorea.go.kr/Main.pt
South Korea,Job Seeker Visa,https://www.hikorea.go.kr/Main.pt
South Korea,Permanent Residency,https://www.hikorea.go.kr/Main.pt
South Korea,Skilled Worker Visa,https://www.hikorea.go.kr/Main.pt
South Korea,Student Visa,https://www.hikorea.go.kr/Main.pt
South Korea,Work Visa,https://www.hikorea.go.kr/Main.pt
South Korea,Working Holiday Visa,https://www.hikorea.go.kr/Main.pt
South Sudan,Student Visa,https://www.mofa.gov.ss/
South Sudan,Work Visa,https://www.mofa.gov.ss/
Spain,Digital Nomad Visa,https://www.exteriores.gob.es/Consulados/mumbai/en/ServiciosConsulares/Paginas/Consular/visado-nomada-digital.aspx
Spain,Digital Nomad Visa (Telework),https://www.exteriores.gob.es/Consulados/londres/en/ServiciosConsulares/Paginas/Consular/Teleworking-visa.aspx
Spain,Entrepreneur Visa (Startups - Law 14/2013),https://prie.comercio.gob.es/en-us/Paginas/Emprendedores.aspx
Spain,Entrepreneur/Startup Visa,https://extranjeros.inclusion.gob.es/en/index.html
Spain,EU Long-Term Residence,https://www.inclusion.gob.es/en/web/migraciones/w/50.-autorizacion-de-residencia-de-larga-duracion-ue
Spain,Family Reunification Visa,https://extranjeros.inclusion.gob.es/en/index.html
Spain,Freelance/Self-Employed Visa,https://extranjeros.inclusion.gob.es/en/index.html
Spain,Highly Qualified Professional,https://www.inclusion.gob.es/en/web/migraciones/w/66.-autorizacion-inicial-de-residencia-y-trabajo-de-profesionales-altamente-cualificados
Spain,Highly Skilled Professional Visa (UGE),https://prie.comercio.gob.es/en-us/Paginas/Profesionales-Altamente-Cualificados.aspx
Spain,Intra-Corporate Transfer (ICT),https://prie.comercio.gob.es/en-us/Paginas/Traslado-Empresarial.aspx
Spain,Investor/Golden Visa,https://extranjeros.inclusion.gob.es/en/index.html
Spain,Job Seeker Visa,https://extranjeros.inclusion.gob.es/en/index.html
Spain,Long-Term Permanent Residency (Larga Duración),https://www.inclusion.gob.es/en/web/migraciones/vivir-en-espana/residencia-de-larga-duracion
Spain,National Long-Term Residence,https://www.inclusion.gob.es/en/web/migraciones/w/49.-autorizacion-de-residencia-de-larga-duracion-nacional
Spain,Non-Lucrative Residence Visa,https://www.exteriores.gob.es/Consulados/londres/en/ServiciosConsulares/Paginas/Consular/Visado-de-residencia-no-lucrativa.aspx
Spain,Permanent Residency,https://extranjeros.inclusion.gob.es/en/index.html
Spain,Permanent Residency (Residencia de Larga Duración),https://www.inclusion.gob.es/en/web/migraciones/vivir-en-espana/residencia-de-larga-duracion
Spain,Skilled Migration PR,https://extranjeros.inclusion.gob.es/en/index.html
Spain,Skilled Worker Visa,https://extranjeros.inclusion.gob.es/en/index.html
Spain,Student Visa,https://www.exteriores.gob.es/en/ServiciosAlCiudadano/Paginas/Visados.aspx
Spain,Work Visa,https://extranjeros.inclusion.gob.es/en/index.html
Spain,Working Holiday Visa,https://extranjeros.inclusion.gob.es/en/index.html
Sri Lanka,Digital Nomad Visa,https://www.immigration.gov.lk/
Sri Lanka,Employment Visa,https://www.immigration.gov.lk/
Sri Lanka,Family Reunification Visa,https://www.immigration.gov.lk/
Sri Lanka,Residence Visa,https://www.immigration.gov.lk/
Sri Lanka,Residence Visa for employment,https://www.immigration.gov.lk/
Sri Lanka,Student Visa,https://www.immigration.gov.lk/
Sri Lanka,Work Visa,https://www.immigration.gov.lk/
Sudan,Student Visa,https://www.mofa.gov.sd/
Sudan,Work Visa,https://www.mofa.gov.sd/
Suriname,Residence permit,https://gov.sr/
Suriname,Student Visa,https://www.mofa.gov.sr/
Suriname,Study permit,https://gov.sr/
Suriname,Work permit,https://gov.sr/
Suriname,Work Visa,https://www.mofa.gov.sr/
Sweden,Entrepreneur/Startup Visa,https://www.migrationsverket.se/English.html
Sweden,Family Reunification Visa,https://www.migrationsverket.se/English.html
Sweden,Higher Education Study Permit,https://www.migrationsverket.se/en/you-want-to-apply-for-or-extend-a-permit/studying/higher-education.html
Sweden,Job Seeker Visa,https://www.migrationsverket.se/English.html
Sweden,Permanent Residence,https://www.migrationsverket.se/en/you-want-to-apply-for-or-extend-a-permit/permanent-residence.html
Sweden,Permanent residence permit,https://www.migrationsverket.se/en/you-want-to-extend/work/employee-or-self-employed/employees.html
Sweden,Permanent Residency,https://www.migrationsverket.se/English.html
Sweden,Post-study job-seeking permit,https://www.migrationsverket.se/en/you-want-to-extend/study/look-for-work-after-completing-your-studies-in-sweden.html
Sweden,Residence permit for studies,https://www.migrationsverket.se/en/you-want-to-apply/study.html
Sweden,Skilled Migration PR,https://www.migrationsverket.se/English.html
Sweden,Skilled Worker Visa,https://www.migrationsverket.se/English.html
Sweden,Student Visa,https://www.migrationsverket.se/English.html
Sweden,Work permit,https://www.migrationsverket.se/en/you-want-to-apply/work/employee-or-self-employed/employees.html
Sweden,Work Visa,https://www.migrationsverket.se/English.html
Sweden,Working Holiday Visa,https://www.migrationsverket.se/English.html
Switzerland,Entrepreneur/Startup Visa,https://www.sem.admin.ch/sem/en/home.html
Switzerland,Family Reunification Visa,https://www.sem.admin.ch/sem/en/home.html
Switzerland,Permanent Residence (Permit C),https://www.sem.admin.ch/sem/en/home/themen/aufenthalt/nicht_eu_efta/ausweis_c__niederlassungsbewilligung.html
Switzerland,Permanent Residency,https://www.sem.admin.ch/sem/en/home.html
Switzerland,Residence for study,https://www.sem.admin.ch/sem/en/home/themen/aufenthalt.html
Switzerland,Settlement permit C,https://www.sem.admin.ch/sem/en/home/themen/aufenthalt/nicht_eu_efta-staatsangehoerige/dauaufenthalt.html
Switzerland,Skilled Migration PR,https://www.sem.admin.ch/sem/en/home.html
Switzerland,Skilled Worker Visa,https://www.sem.admin.ch/sem/en/home.html
Switzerland,Student Visa,https://www.sem.admin.ch/sem/en/home.html
Switzerland,Student Visa / Permit,https://www.sem.admin.ch/sem/en/home/themen/einreise/faq.html
Switzerland,Work Permit (Non-EU/EFTA Specialist),https://www.sem.admin.ch/sem/en/home/themen/arbeit/nicht-eu_efta-angehoerige.html
Switzerland,Work permits,https://www.sem.admin.ch/sem/en/home/themen/arbeit.html
Switzerland,Work Visa,https://www.sem.admin.ch/sem/en/home.html
Switzerland,Working Holiday Visa,https://www.sem.admin.ch/sem/en/home.html
Syria,Student Visa,https://www.mofa.gov.sy/
Syria,Work Visa,https://www.mofa.gov.sy/
Taiwan,APRC Permanent Residence,https://www.immigration.gov.tw/5475/5478/141478/141380/
Taiwan,Employment Gold Card,https://goldcard.nat.gov.tw/en/
Taiwan,Entrepreneur/Startup Visa,https://www.immigration.gov.tw/
Taiwan,Family Reunification Visa,https://www.immigration.gov.tw/
Taiwan,Job Seeker Visa,https://www.immigration.gov.tw/
Taiwan,Permanent Residency,https://www.immigration.gov.tw/
Taiwan,Resident Visa for Study,https://www.boca.gov.tw/
Taiwan,Skilled Worker Visa,https://www.immigration.gov.tw/
Taiwan,Student Resident Visa,https://www.boca.gov.tw/cp-166-283-3392d-2.html
Taiwan,Student Visa,https://www.immigration.gov.tw/
Taiwan,Work Permit,https://ezworktaiwan.wda.gov.tw/
Taiwan,Work Visa,https://www.immigration.gov.tw/
Taiwan,Working Holiday Visa,https://www.immigration.gov.tw/
Tajikistan,Student Visa,https://www.mfa.tj/
Tajikistan,Work Visa,https://www.mfa.tj/
Tanzania,Residence permit,https://www.immigration.go.tz/
Tanzania,Student pass,https://www.immigration.go.tz/
Tanzania,Student Visa,https://www.immigration.go.tz/
Tanzania,Work permit,https://www.immigration.go.tz/
Tanzania,Work Visa,https://www.immigration.go.tz/
Thailand,Destination Thailand Visa (Digital Nomad / DTV),https://thaiembassy.org/
Thailand,Digital Nomad Visa,https://www.thaievisa.go.th/
Thailand,Entrepreneur/Startup Visa,https://www.thaievisa.go.th/
Thailand,Family Reunification Visa,https://www.thaievisa.go.th/
Thailand,Freelance/Self-Employed Visa,https://www.thaievisa.go.th/
Thailand,Long-Term Resident Visa,https://ltr.boi.go.th/
Thailand,Long-Term Resident Visa (LTR),https://ltr.boi.go.th/
Thailand,Non-Immigrant B (Work),https://www.thaievisa.go.th/
Thailand,Non-Immigrant B Work Visa,https://www.immigration.go.th/
Thailand,Non-Immigrant ED (Study),https://www.thaievisa.go.th/
Thailand,Non-Immigrant ED Student Visa,https://www.immigration.go.th/
Thailand,Permanent Residence,https://www.immigration.go.th/
Thailand,Retirement Visa,https://www.thaievisa.go.th/
Thailand,Skilled Worker Visa,https://www.thaievisa.go.th/
Thailand,Student Visa,https://www.thaievisa.go.th/
Thailand,Work Visa,https://www.thaievisa.go.th/
Timor-Leste,Student Visa,https://www.mofa.gov.tl/
Timor-Leste,Work Visa,https://www.mofa.gov.tl/
Togo,Student Visa,https://www.mofa.gov.tg/
Togo,Work Visa,https://www.mofa.gov.tg/
Tonga,Student Visa,https://www.mofa.gov.to/
Tonga,Work Visa,https://www.mofa.gov.to/
Trinidad and Tobago,Residence permit,https://nationalsecurity.gov.tt/
Trinidad and Tobago,Student permit,https://nationalsecurity.gov.tt/
Trinidad and Tobago,Student Visa,https://www.ttpulse.gov.tt/
Trinidad and Tobago,Work permit,https://nationalsecurity.gov.tt/
Trinidad and Tobago,Work Visa,https://www.ttpulse.gov.tt/
Tunisia,Residence permit,https://www.interieur.gov.tn/
Tunisia,Retirement Visa,https://www.interieur.gov.tn/
Tunisia,Student residence,https://www.mes.tn/
Tunisia,Student Visa,https://www.interieur.gov.tn/
Tunisia,Work permit,https://www.social.gov.tn/
Tunisia,Work Visa,https://www.interieur.gov.tn/
Turkey,Entrepreneur/Startup Visa,https://en.goc.gov.tr/
Turkey,Family Reunification Visa,https://en.goc.gov.tr/
Turkey,Investor/Golden Visa,https://en.goc.gov.tr/
Turkey,Long Term Residence Permit,https://e-ikamet.goc.gov.tr/
Turkey,Long-term residence permit,https://en.goc.gov.tr/long-term-residence-permit
Turkey,Permanent Residency,https://en.goc.gov.tr/
Turkey,Retirement Visa,https://en.goc.gov.tr/
Turkey,Short Term Residence (Tourism/Remote Work),https://e-ikamet.goc.gov.tr/
Turkey,Skilled Worker Visa,https://en.goc.gov.tr/
Turkey,Student residence permit,https://en.goc.gov.tr/student-residence-permit
Turkey,Student Visa,https://en.goc.gov.tr/
Turkey,Turquoise Card,https://www.csgb.gov.tr/uigm/en/turquoise-card/
Turkey,Work permit,https://www.csgb.gov.tr/uigm/en/
Turkey,Work Permit and Associated Residence,https://www.csgb.gov.tr/uigm/
Turkey,Work Visa,https://en.goc.gov.tr/
Turkmenistan,Student Visa,https://www.gov.tm/
Turkmenistan,Work Visa,https://www.gov.tm/
Tuvalu,Student Visa,https://www.mofa.gov.tv/
Tuvalu,Work Visa,https://www.mofa.gov.tv/
Uganda,Permanent residence,https://immigration.go.ug/
Uganda,Student pass,https://immigration.go.ug/
Uganda,Student Visa,https://www.immigration.go.ug/
Uganda,Work permit,https://immigration.go.ug/
Uganda,Work Visa,https://www.immigration.go.ug/
Ukraine,Family Reunification Visa,https://dmsu.gov.ua/en/
Ukraine,Skilled Worker Visa,https://dmsu.gov.ua/en/
Ukraine,Student Visa,https://dmsu.gov.ua/en/
Ukraine,Work Visa,https://dmsu.gov.ua/en/
United Arab Emirates,Digital Nomad Visa,https://u.ae/en/information-and-services/visa-and-emirates-id
United Arab Emirates,Entrepreneur/Startup Visa,https://u.ae/en/information-and-services/visa-and-emirates-id
United Arab Emirates,Family Reunification Visa,https://u.ae/en/information-and-services/visa-and-emirates-id
United Arab Emirates,Golden Visa,https://u.ae/en/information-and-services/visa-and-emirates-id/residence-visas/golden-visa
United Arab Emirates,Golden Visa - General,https://u.ae/en/information-and-services/visa-and-emirates-id/Types-of-visas/golden-visa
United Arab Emirates,Green Visa,https://u.ae/en/information-and-services/visa-and-emirates-id/residence-visas/residence-visa-for-doing-business-in-the-uae
United Arab Emirates,Green Visa - Skilled Employees,https://u.ae/en/information-and-services/visa-and-emirates-id/Types-of-visas/green-visa
United Arab Emirates,Investor/Golden Visa,https://u.ae/en/information-and-services/visa-and-emirates-id
United Arab Emirates,Permanent Residency,https://u.ae/en/information-and-services/visa-and-emirates-id
United Arab Emirates,Remote Work Visa,https://u.ae/en/information-and-services/visa-and-emirates-id/residence-visas/remote-work-visas
United Arab Emirates,Skilled Migration PR,https://u.ae/en/information-and-services/visa-and-emirates-id
United Arab Emirates,Skilled Worker Visa,https://u.ae/en/information-and-services/visa-and-emirates-id
United Arab Emirates,Standard Employment Residence,https://u.ae/en/information-and-services/visa-and-emirates-id/residence-visas/residence-visa-for-working-in-the-uae
United Arab Emirates,Standard work residence visa,https://u.ae/en/information-and-services/visa-and-emirates-id/residence-visas/residence-visa-for-working-in-the-uae
United Arab Emirates,Student Visa,https://u.ae/en/information-and-services/visa-and-emirates-id/residence-visas/student-visa
United Arab Emirates,Virtual Work Residence Visa,https://u.ae/en/information-and-services/visa-and-emirates-id/residence-visas/residence-visa-for-working-outside-the-uae
United Arab Emirates,Work Visa,https://u.ae/en/information-and-services/visa-and-emirates-id
United Kingdom,Entrepreneur/Startup Visa,https://www.gov.uk/browse/visas-immigration
United Kingdom,Family Reunification Visa,https://www.gov.uk/browse/visas-immigration
United Kingdom,Global Talent visa,https://www.gov.uk/global-talent
United Kingdom,Graduate visa,https://www.gov.uk/graduate-visa
United Kingdom,Indefinite Leave to Remain,https://www.gov.uk/indefinite-leave-to-remain
United Kingdom,Indefinite Leave to Remain (Settlement),https://www.gov.uk/indefinite-leave-to-remain
United Kingdom,Investor/Golden Visa,https://www.gov.uk/browse/visas-immigration
United Kingdom,Permanent Residency,https://www.gov.uk/browse/visas-immigration
United Kingdom,Scale-up Worker visa,https://www.gov.uk/scale-up-worker-visa
United Kingdom,Skilled Migration PR,https://www.gov.uk/browse/visas-immigration
United Kingdom,Skilled Worker visa,https://www.gov.uk/skilled-worker-visa
United Kingdom,Student visa,https://www.gov.uk/student-visa
United Kingdom,Work Visa,https://www.gov.uk/browse/visas-immigration
United Kingdom,Working Holiday Visa,https://www.gov.uk/browse/visas-immigration
United States,EB-1 Employment Based Immigration,https://www.uscis.gov/green-card/green-card-eligibility/green-card-for-employment-based-immigrants
United States,EB-2 Employment Based Immigration,https://www.uscis.gov/green-card/green-card-eligibility/green-card-for-employment-based-immigrants
United States,EB-3 Employment Based Immigration,https://www.uscis.gov/green-card/green-card-eligibility/green-card-for-employment-based-immigrants
United States,Entrepreneur/Startup Visa,https://www.uscis.gov/
United States,F-1 Academic Student,https://www.uscis.gov/working-in-the-united-states/students-and-exchange-visitors/students-and-employment
United States,F-1 Student Visa,https://studyinthestates.dhs.gov/students/prepare/student-visa
United States,Family Reunification Visa,https://www.uscis.gov/
United States,H-1B Specialty Occupations,https://www.uscis.gov/working-in-the-united-states/h-1b-specialty-occupations
United States,Investor/Golden Visa,https://www.uscis.gov/
United States,L-1 Intracompany Transferee,https://www.uscis.gov/working-in-the-united-states/l-1-intracompany-transferee-visa
United States,O-1 Individuals with Extraordinary Ability,https://www.uscis.gov/working-in-the-united-states/temporary-workers/o-1-visa-individuals-with-extraordinary-ability-or-achievement
United States,Permanent Residence (Green Card),https://www.uscis.gov/green-card
United States,Permanent Residency,https://www.uscis.gov/
United States,Skilled Migration PR,https://www.uscis.gov/
United States,Skilled Worker Visa,https://www.uscis.gov/
United States,Student Visa,https://www.uscis.gov/
United States,Work Visa,https://www.uscis.gov/
Uruguay,Digital Nomad Stay Permit,https://www.gub.uy/tramites/hoja-de-identidad-provisoria-para-nomadas-digitales
Uruguay,Family Reunification Visa,https://www.gub.uy/ministerio-interior/direccion-nacional-migracion
Uruguay,Permanent residence,https://www.gub.uy/ministerio-interior/tramites-y-servicios
Uruguay,Permanent Residence (Mercosur and Non-Mercosur),https://www.gub.uy/tramites/residencia-legal-definitiva
Uruguay,Residence for study,https://www.gub.uy/ministerio-interior/tramites-y-servicios
Uruguay,Residence for work,https://www.gub.uy/ministerio-interior/tramites-y-servicios/servicios/residencia-temporaria
Uruguay,Retirement Visa,https://www.gub.uy/ministerio-interior/direccion-nacional-migracion
Uruguay,Student Visa,https://www.gub.uy/ministerio-interior/direccion-nacional-migracion
Uruguay,Temporary residence,https://www.gub.uy/ministerio-interior/tramites-y-servicios/servicios/residencia-temporaria
Uruguay,Work Legal Temporary Residence,https://www.gub.uy/tramites/residencia-legal-temporaria
Uruguay,Work Visa,https://www.gub.uy/ministerio-interior/direccion-nacional-migracion
Uruguay,Working Holiday Visa,https://www.gub.uy/ministerio-interior/direccion-nacional-migracion
Uzbekistan,Family Reunification Visa,https://my.gov.uz/en/for-foreigners
Uzbekistan,Student Visa,https://my.gov.uz/en/for-foreigners
Uzbekistan,Work Visa,https://my.gov.uz/en/for-foreigners
Vanuatu,Investor/Golden Visa,https://www.immigration.gov.vu/
Vanuatu,Student Visa,https://www.immigration.gov.vu/
Vanuatu,Work Visa,https://www.immigration.gov.vu/
Venezuela,Student Visa,https://www.saime.gob.ve/
Venezuela,Work Visa,https://www.saime.gob.ve/
Vietnam,DH Study Visa,https://immigration.gov.vn/
Vietnam,Digital Nomad Visa,https://immigration.gov.vn/
Vietnam,Family Reunification Visa,https://immigration.gov.vn/
Vietnam,Investor Visa (DT),https://evisa.xuatnhapcanh.gov.vn/
Vietnam,LD Work Visa,https://immigration.gov.vn/
Vietnam,Permanent Residence,https://immigration.gov.vn/
Vietnam,Retirement Visa,https://immigration.gov.vn/
Vietnam,Student Visa,https://immigration.gov.vn/
Vietnam,Study Visa (DH),https://evisa.xuatnhapcanh.gov.vn/
Vietnam,Temporary Residence Card for Workers,https://immigration.gov.vn/
Vietnam,Work Permit & LD Visa,https://dichvucong.bocongan.gov.vn/
Vietnam,Work Visa,https://immigration.gov.vn/
Yemen,Student Visa,https://www.mofa.gov.ye/
Yemen,Work Visa,https://www.mofa.gov.ye/
Zambia,Student Visa,https://www.mofa.gov.zm/
Zambia,Work Visa,https://www.mofa.gov.zm/
Zimbabwe,Student Visa,https://www.mofa.gov.zw/
Zimbabwe,Work Visa,https://www.mofa.gov.zw/
